yr,holiday,workingday,atemp,hum,windspeed,season_1,season_2,season_3,season_4,weathersit_1,weathersit_2,weathersit_3,mnth_1,mnth_2,mnth_3,mnth_4,mnth_5,mnth_6,mnth_7,mnth_8,mnth_9,mnth_10,mnth_11,mnth_12,weekday_0,weekday_1,weekday_2,weekday_3,weekday_4,weekday_5,weekday_6,cnt
0,0,0,0.363625,0.805833,0.160446,1,0,0,0,0,1,0,1,0,0,0,0,0,0,0,0,0,0,0,0,0,0,0,0,0,1,985
0,0,0,0.353739,0.696087,0.248539,1,0,0,0,0,1,0,1,0,0,0,0,0,0,0,0,0,0,0,1,0,0,0,0,0,0,801
0,0,1,0.189405,0.437273,0.248309,1,0,0,0,1,0,0,1,0,0,0,0,0,0,0,0,0,0,0,0,1,0,0,0,0,0,1349
0,0,1,0.212122,0.590435,0.160296,1,0,0,0,1,0,0,1,0,0,0,0,0,0,0,0,0,0,0,0,0,1,0,0,0,0,1562
0,0,1,0.22927,0.436957,0.1869,1,0,0,0,1,0,0,1,0,0,0,0,0,0,0,0,0,0,0,0,0,0,1,0,0,0,1600
0,0,1,0.233209,0.518261,0.0895652,1,0,0,0,1,0,0,1,0,0,0,0,0,0,0,0,0,0,0,0,0,0,0,1,0,0,1606
0,0,1,0.208839,0.498696,0.168726,1,0,0,0,0,1,0,1,0,0,0,0,0,0,0,0,0,0,0,0,0,0,0,0,1,0,1510
0,0,0,0.162254,0.535833,0.266804,1,0,0,0,0,1,0,1,0,0,0,0,0,0,0,0,0,0,0,0,0,0,0,0,0,1,959
0,0,0,0.116175,0.434167,0.36195,1,0,0,0,1,0,0,1,0,0,0,0,0,0,0,0,0,0,0,1,0,0,0,0,0,0,822
0,0,1,0.150888,0.482917,0.223267,1,0,0,0,1,0,0,1,0,0,0,0,0,0,0,0,0,0,0,0,1,0,0,0,0,0,1321
0,0,1,0.191464,0.686364,0.122132,1,0,0,0,0,1,0,1,0,0,0,0,0,0,0,0,0,0,0,0,0,1,0,0,0,0,1263
0,0,1,0.160473,0.599545,0.304627,1,0,0,0,1,0,0,1,0,0,0,0,0,0,0,0,0,0,0,0,0,0,1,0,0,0,1162
0,0,1,0.150883,0.470417,0.301,1,0,0,0,1,0,0,1,0,0,0,0,0,0,0,0,0,0,0,0,0,0,0,1,0,0,1406
0,0,1,0.188413,0.537826,0.126548,1,0,0,0,1,0,0,1,0,0,0,0,0,0,0,0,0,0,0,0,0,0,0,0,1,0,1421
0,0,0,0.248112,0.49875,0.157963,1,0,0,0,0,1,0,1,0,0,0,0,0,0,0,0,0,0,0,0,0,0,0,0,0,1,1248
0,0,0,0.234217,0.48375,0.188433,1,0,0,0,1,0,0,1,0,0,0,0,0,0,0,0,0,0,0,1,0,0,0,0,0,0,1204
0,1,0,0.176771,0.5375,0.194017,1,0,0,0,0,1,0,1,0,0,0,0,0,0,0,0,0,0,0,0,1,0,0,0,0,0,1000
0,0,1,0.232333,0.861667,0.146775,1,0,0,0,0,1,0,1,0,0,0,0,0,0,0,0,0,0,0,0,0,1,0,0,0,0,683
0,0,1,0.298422,0.741739,0.208317,1,0,0,0,0,1,0,1,0,0,0,0,0,0,0,0,0,0,0,0,0,0,1,0,0,0,1650
0,0,1,0.25505,0.538333,0.195904,1,0,0,0,0,1,0,1,0,0,0,0,0,0,0,0,0,0,0,0,0,0,0,1,0,0,1927
0,0,1,0.157833,0.457083,0.353242,1,0,0,0,1,0,0,1,0,0,0,0,0,0,0,0,0,0,0,0,0,0,0,0,1,0,1543
0,0,0,0.0790696,0.4,0.17197,1,0,0,0,1,0,0,1,0,0,0,0,0,0,0,0,0,0,0,0,0,0,0,0,0,1,981
0,0,0,0.0988391,0.436522,0.2466,1,0,0,0,1,0,0,1,0,0,0,0,0,0,0,0,0,0,0,1,0,0,0,0,0,0,986
0,0,1,0.11793,0.491739,0.15833,1,0,0,0,1,0,0,1,0,0,0,0,0,0,0,0,0,0,0,0,1,0,0,0,0,0,1416
0,0,1,0.234526,0.616957,0.129796,1,0,0,0,0,1,0,1,0,0,0,0,0,0,0,0,0,0,0,0,0,1,0,0,0,0,1985
0,0,1,0.2036,0.8625,0.29385,1,0,0,0,0,0,1,1,0,0,0,0,0,0,0,0,0,0,0,0,0,0,1,0,0,0,506
0,0,1,0.2197,0.6875,0.113837,1,0,0,0,1,0,0,1,0,0,0,0,0,0,0,0,0,0,0,0,0,0,0,1,0,0,431
0,0,1,0.223317,0.793043,0.1233,1,0,0,0,0,1,0,1,0,0,0,0,0,0,0,0,0,0,0,0,0,0,0,0,1,0,1167
0,0,0,0.212126,0.651739,0.145365,1,0,0,0,1,0,0,1,0,0,0,0,0,0,0,0,0,0,0,0,0,0,0,0,0,1,1098
0,0,0,0.250322,0.722174,0.0739826,1,0,0,0,1,0,0,1,0,0,0,0,0,0,0,0,0,0,0,1,0,0,0,0,0,0,1096
0,0,1,0.18625,0.60375,0.187192,1,0,0,0,0,1,0,1,0,0,0,0,0,0,0,0,0,0,0,0,1,0,0,0,0,0,1501
0,0,1,0.23453,0.829565,0.053213,1,0,0,0,0,1,0,0,1,0,0,0,0,0,0,0,0,0,0,0,0,1,0,0,0,0,1360
0,0,1,0.254417,0.775417,0.264308,1,0,0,0,0,1,0,0,1,0,0,0,0,0,0,0,0,0,0,0,0,0,1,0,0,0,1526
0,0,1,0.177878,0.437826,0.277752,1,0,0,0,1,0,0,0,1,0,0,0,0,0,0,0,0,0,0,0,0,0,0,1,0,0,1550
0,0,1,0.228587,0.585217,0.127839,1,0,0,0,0,1,0,0,1,0,0,0,0,0,0,0,0,0,0,0,0,0,0,0,1,0,1708
0,0,0,0.243058,0.929167,0.161079,1,0,0,0,0,1,0,0,1,0,0,0,0,0,0,0,0,0,0,0,0,0,0,0,0,1,1005
0,0,0,0.291671,0.568333,0.1418,1,0,0,0,1,0,0,0,1,0,0,0,0,0,0,0,0,0,0,1,0,0,0,0,0,0,1623
0,0,1,0.303658,0.738333,0.0454083,1,0,0,0,1,0,0,0,1,0,0,0,0,0,0,0,0,0,0,0,1,0,0,0,0,0,1712
0,0,1,0.198246,0.537917,0.36195,1,0,0,0,1,0,0,0,1,0,0,0,0,0,0,0,0,0,0,0,0,1,0,0,0,0,1530
0,0,1,0.144283,0.494783,0.188839,1,0,0,0,0,1,0,0,1,0,0,0,0,0,0,0,0,0,0,0,0,0,1,0,0,0,1605
0,0,1,0.149548,0.437391,0.221935,1,0,0,0,1,0,0,0,1,0,0,0,0,0,0,0,0,0,0,0,0,0,0,1,0,0,1538
0,0,1,0.213509,0.506364,0.10855,1,0,0,0,1,0,0,0,1,0,0,0,0,0,0,0,0,0,0,0,0,0,0,0,1,0,1746
0,0,0,0.232954,0.544167,0.203367,1,0,0,0,1,0,0,0,1,0,0,0,0,0,0,0,0,0,0,0,0,0,0,0,0,1,1472
0,0,0,0.324113,0.457391,0.260883,1,0,0,0,1,0,0,0,1,0,0,0,0,0,0,0,0,0,0,1,0,0,0,0,0,0,1589
0,0,1,0.39835,0.375833,0.417908,1,0,0,0,1,0,0,0,1,0,0,0,0,0,0,0,0,0,0,0,1,0,0,0,0,0,1913
0,0,1,0.254274,0.314348,0.291374,1,0,0,0,1,0,0,0,1,0,0,0,0,0,0,0,0,0,0,0,0,1,0,0,0,0,1815
0,0,1,0.3162,0.423478,0.251791,1,0,0,0,1,0,0,0,1,0,0,0,0,0,0,0,0,0,0,0,0,0,1,0,0,0,2115
0,0,1,0.428658,0.505,0.230104,1,0,0,0,1,0,0,0,1,0,0,0,0,0,0,0,0,0,0,0,0,0,0,1,0,0,2475
0,0,1,0.511983,0.516667,0.264925,1,0,0,0,1,0,0,0,1,0,0,0,0,0,0,0,0,0,0,0,0,0,0,0,1,0,2927
0,0,0,0.391404,0.187917,0.507463,1,0,0,0,1,0,0,0,1,0,0,0,0,0,0,0,0,0,0,0,0,0,0,0,0,1,1635
0,0,0,0.27733,0.407826,0.223235,1,0,0,0,1,0,0,0,1,0,0,0,0,0,0,0,0,0,0,1,0,0,0,0,0,0,1812
0,1,0,0.284075,0.605,0.307846,1,0,0,0,0,1,0,0,1,0,0,0,0,0,0,0,0,0,0,0,1,0,0,0,0,0,1107
0,0,1,0.186033,0.577778,0.195683,1,0,0,0,1,0,0,0,1,0,0,0,0,0,0,0,0,0,0,0,0,1,0,0,0,0,1450
0,0,1,0.245717,0.423043,0.094113,1,0,0,0,1,0,0,0,1,0,0,0,0,0,0,0,0,0,0,0,0,0,1,0,0,0,1917
0,0,1,0.289191,0.697391,0.250496,1,0,0,0,0,1,0,0,1,0,0,0,0,0,0,0,0,0,0,0,0,0,0,1,0,0,1807
0,0,1,0.350461,0.712174,0.346539,1,0,0,0,0,1,0,0,1,0,0,0,0,0,0,0,0,0,0,0,0,0,0,0,1,0,1461
0,0,0,0.282192,0.537917,0.186571,1,0,0,0,1,0,0,0,1,0,0,0,0,0,0,0,0,0,0,0,0,0,0,0,0,1,1969
0,0,0,0.351109,0.68,0.125248,1,0,0,0,1,0,0,0,1,0,0,0,0,0,0,0,0,0,0,1,0,0,0,0,0,0,2402
0,0,1,0.400118,0.876364,0.289686,1,0,0,0,0,1,0,0,1,0,0,0,0,0,0,0,0,0,0,0,1,0,0,0,0,0,1446
0,0,1,0.263879,0.535,0.216425,1,0,0,0,1,0,0,0,0,1,0,0,0,0,0,0,0,0,0,0,0,1,0,0,0,0,1851
0,0,1,0.320071,0.449583,0.307833,1,0,0,0,1,0,0,0,0,1,0,0,0,0,0,0,0,0,0,0,0,0,1,0,0,0,2134
0,0,1,0.200133,0.318333,0.225754,1,0,0,0,1,0,0,0,0,1,0,0,0,0,0,0,0,0,0,0,0,0,0,1,0,0,1685
0,0,1,0.255679,0.610417,0.203346,1,0,0,0,0,1,0,0,0,1,0,0,0,0,0,0,0,0,0,0,0,0,0,0,1,0,1944
0,0,0,0.378779,0.789167,0.251871,1,0,0,0,0,1,0,0,0,1,0,0,0,0,0,0,0,0,0,0,0,0,0,0,0,1,2077
0,0,0,0.366252,0.948261,0.343287,1,0,0,0,0,1,0,0,0,1,0,0,0,0,0,0,0,0,0,1,0,0,0,0,0,0,605
0,0,1,0.238461,0.551304,0.341352,1,0,0,0,1,0,0,0,0,1,0,0,0,0,0,0,0,0,0,0,1,0,0,0,0,0,1872
0,0,1,0.3024,0.420833,0.12065,1,0,0,0,1,0,0,0,0,1,0,0,0,0,0,0,0,0,0,0,0,1,0,0,0,0,2133
0,0,1,0.286608,0.775417,0.22015,1,0,0,0,0,1,0,0,0,1,0,0,0,0,0,0,0,0,0,0,0,0,1,0,0,0,1891
0,0,1,0.385668,0.0,0.261877,1,0,0,0,0,0,1,0,0,1,0,0,0,0,0,0,0,0,0,0,0,0,0,1,0,0,623
0,0,1,0.305,0.649565,0.23297,1,0,0,0,0,1,0,0,0,1,0,0,0,0,0,0,0,0,0,0,0,0,0,0,1,0,1977
0,0,0,0.32575,0.594583,0.220775,1,0,0,0,1,0,0,0,0,1,0,0,0,0,0,0,0,0,0,0,0,0,0,0,0,1,2132
0,0,0,0.380091,0.527391,0.270604,1,0,0,0,1,0,0,0,0,1,0,0,0,0,0,0,0,0,0,1,0,0,0,0,0,0,2417
0,0,1,0.332,0.496957,0.136926,1,0,0,0,1,0,0,0,0,1,0,0,0,0,0,0,0,0,0,0,1,0,0,0,0,0,2046
0,0,1,0.318178,0.655652,0.184309,1,0,0,0,0,1,0,0,0,1,0,0,0,0,0,0,0,0,0,0,0,1,0,0,0,0,2056
0,0,1,0.36693,0.776522,0.203117,1,0,0,0,0,1,0,0,0,1,0,0,0,0,0,0,0,0,0,0,0,0,1,0,0,0,2192
0,0,1,0.410333,0.602917,0.209579,1,0,0,0,1,0,0,0,0,1,0,0,0,0,0,0,0,0,0,0,0,0,0,1,0,0,2744
0,0,1,0.527009,0.525217,0.231017,1,0,0,0,1,0,0,0,0,1,0,0,0,0,0,0,0,0,0,0,0,0,0,0,1,0,3239
0,0,0,0.466525,0.379167,0.368167,1,0,0,0,1,0,0,0,0,1,0,0,0,0,0,0,0,0,0,0,0,0,0,0,0,1,3117
0,0,0,0.32575,0.47375,0.207721,1,0,0,0,1,0,0,0,0,1,0,0,0,0,0,0,0,0,0,1,0,0,0,0,0,0,2471
0,0,1,0.409735,0.737391,0.288783,0,1,0,0,0,1,0,0,0,1,0,0,0,0,0,0,0,0,0,0,1,0,0,0,0,0,2077
0,0,1,0.440642,0.624583,0.22575,0,1,0,0,1,0,0,0,0,1,0,0,0,0,0,0,0,0,0,0,0,1,0,0,0,0,2703
0,0,1,0.337939,0.839565,0.234261,0,1,0,0,0,1,0,0,0,1,0,0,0,0,0,0,0,0,0,0,0,0,1,0,0,0,2121
0,0,1,0.270833,0.805833,0.243787,0,1,0,0,0,1,0,0,0,1,0,0,0,0,0,0,0,0,0,0,0,0,0,1,0,0,1865
0,0,1,0.256312,0.495,0.230725,0,1,0,0,1,0,0,0,0,1,0,0,0,0,0,0,0,0,0,0,0,0,0,0,1,0,2210
0,0,0,0.257571,0.394167,0.209571,0,1,0,0,1,0,0,0,0,1,0,0,0,0,0,0,0,0,0,0,0,0,0,0,0,1,2496
0,0,0,0.250339,0.493913,0.1843,0,1,0,0,0,1,0,0,0,1,0,0,0,0,0,0,0,0,0,1,0,0,0,0,0,0,1693
0,0,1,0.257574,0.302174,0.212204,0,1,0,0,1,0,0,0,0,1,0,0,0,0,0,0,0,0,0,0,1,0,0,0,0,0,2028
0,0,1,0.292908,0.314167,0.226996,0,1,0,0,1,0,0,0,0,1,0,0,0,0,0,0,0,0,0,0,0,1,0,0,0,0,2425
0,0,1,0.29735,0.646667,0.172888,0,1,0,0,0,1,0,0,0,1,0,0,0,0,0,0,0,0,0,0,0,0,1,0,0,0,1536
0,0,1,0.257575,0.918333,0.217646,0,1,0,0,0,0,1,0,0,1,0,0,0,0,0,0,0,0,0,0,0,0,0,1,0,0,1685
0,0,1,0.283454,0.68625,0.258708,0,1,0,0,0,1,0,0,0,0,1,0,0,0,0,0,0,0,0,0,0,0,0,0,1,0,2227
0,0,0,0.315637,0.65375,0.197146,0,1,0,0,0,1,0,0,0,0,1,0,0,0,0,0,0,0,0,0,0,0,0,0,0,1,2252
0,0,0,0.378767,0.48,0.182213,0,1,0,0,1,0,0,0,0,0,1,0,0,0,0,0,0,0,0,1,0,0,0,0,0,0,3249
0,0,1,0.542929,0.42625,0.385571,0,1,0,0,1,0,0,0,0,0,1,0,0,0,0,0,0,0,0,0,1,0,0,0,0,0,3115
0,0,1,0.39835,0.642083,0.388067,0,1,0,0,0,1,0,0,0,0,1,0,0,0,0,0,0,0,0,0,0,1,0,0,0,0,1795
0,0,1,0.387608,0.470833,0.263063,0,1,0,0,1,0,0,0,0,0,1,0,0,0,0,0,0,0,0,0,0,0,1,0,0,0,2808
0,0,1,0.433696,0.602917,0.162312,0,1,0,0,1,0,0,0,0,0,1,0,0,0,0,0,0,0,0,0,0,0,0,1,0,0,3141
0,0,1,0.324479,0.83625,0.226992,0,1,0,0,0,1,0,0,0,0,1,0,0,0,0,0,0,0,0,0,0,0,0,0,1,0,1471
0,0,0,0.341529,0.8775,0.133083,0,1,0,0,0,1,0,0,0,0,1,0,0,0,0,0,0,0,0,0,0,0,0,0,0,1,2455
0,0,0,0.426737,0.8575,0.146767,0,1,0,0,0,1,0,0,0,0,1,0,0,0,0,0,0,0,0,1,0,0,0,0,0,0,2895
0,0,1,0.565217,0.716956,0.324474,0,1,0,0,0,1,0,0,0,0,1,0,0,0,0,0,0,0,0,0,1,0,0,0,0,0,3348
0,0,1,0.493054,0.739167,0.274879,0,1,0,0,0,1,0,0,0,0,1,0,0,0,0,0,0,0,0,0,0,1,0,0,0,0,2034
0,0,1,0.417283,0.819167,0.250617,0,1,0,0,0,1,0,0,0,0,1,0,0,0,0,0,0,0,0,0,0,0,1,0,0,0,2162
0,0,1,0.462742,0.540417,0.1107,0,1,0,0,1,0,0,0,0,0,1,0,0,0,0,0,0,0,0,0,0,0,0,1,0,0,3267
0,1,0,0.441913,0.67125,0.226375,0,1,0,0,1,0,0,0,0,0,1,0,0,0,0,0,0,0,0,0,0,0,0,0,1,0,3126
0,0,0,0.425492,0.888333,0.340808,0,1,0,0,0,0,1,0,0,0,1,0,0,0,0,0,0,0,0,0,0,0,0,0,0,1,795
0,0,0,0.445696,0.479583,0.303496,0,1,0,0,1,0,0,0,0,0,1,0,0,0,0,0,0,0,0,1,0,0,0,0,0,0,3744
0,0,1,0.503146,0.5425,0.163567,0,1,0,0,1,0,0,0,0,0,1,0,0,0,0,0,0,0,0,0,1,0,0,0,0,0,3429
0,0,1,0.489258,0.665833,0.157971,0,1,0,0,0,1,0,0,0,0,1,0,0,0,0,0,0,0,0,0,0,1,0,0,0,0,3204
0,0,1,0.564392,0.614167,0.241925,0,1,0,0,1,0,0,0,0,0,1,0,0,0,0,0,0,0,0,0,0,0,1,0,0,0,3944
0,0,1,0.453892,0.407083,0.325258,0,1,0,0,1,0,0,0,0,0,1,0,0,0,0,0,0,0,0,0,0,0,0,1,0,0,4189
0,0,1,0.321954,0.729583,0.219521,0,1,0,0,0,1,0,0,0,0,1,0,0,0,0,0,0,0,0,0,0,0,0,0,1,0,1683
0,0,0,0.450121,0.887917,0.230725,0,1,0,0,0,1,0,0,0,0,1,0,0,0,0,0,0,0,0,0,0,0,0,0,0,1,4036
0,0,0,0.551763,0.810833,0.192175,0,1,0,0,0,1,0,0,0,0,1,0,0,0,0,0,0,0,0,1,0,0,0,0,0,0,4191
0,0,1,0.5745,0.776667,0.185333,0,1,0,0,1,0,0,0,0,0,1,0,0,0,0,0,0,0,0,0,1,0,0,0,0,0,4073
0,0,1,0.594083,0.729167,0.3265,0,1,0,0,1,0,0,0,0,0,1,0,0,0,0,0,0,0,0,0,0,1,0,0,0,0,4400
0,0,1,0.575142,0.835417,0.3122,0,1,0,0,0,1,0,0,0,0,1,0,0,0,0,0,0,0,0,0,0,0,1,0,0,0,3872
0,0,1,0.578929,0.700833,0.320908,0,1,0,0,0,1,0,0,0,0,1,0,0,0,0,0,0,0,0,0,0,0,0,1,0,0,4058
0,0,1,0.497463,0.457083,0.240063,0,1,0,0,1,0,0,0,0,0,1,0,0,0,0,0,0,0,0,0,0,0,0,0,1,0,4595
0,0,0,0.464021,0.503333,0.235075,0,1,0,0,1,0,0,0,0,0,1,0,0,0,0,0,0,0,0,0,0,0,0,0,0,1,5312
0,0,0,0.448204,0.762083,0.106354,0,1,0,0,0,1,0,0,0,0,0,1,0,0,0,0,0,0,0,1,0,0,0,0,0,0,3351
0,0,1,0.532833,0.73,0.183454,0,1,0,0,0,1,0,0,0,0,0,1,0,0,0,0,0,0,0,0,1,0,0,0,0,0,4401
0,0,1,0.582079,0.697083,0.342667,0,1,0,0,0,1,0,0,0,0,0,1,0,0,0,0,0,0,0,0,0,1,0,0,0,0,4451
0,0,1,0.40465,0.737083,0.328996,0,1,0,0,0,1,0,0,0,0,0,1,0,0,0,0,0,0,0,0,0,0,1,0,0,0,2633
0,0,1,0.441917,0.444167,0.295392,0,1,0,0,1,0,0,0,0,0,0,1,0,0,0,0,0,0,0,0,0,0,0,1,0,0,4433
0,0,1,0.474117,0.59,0.228246,0,1,0,0,1,0,0,0,0,0,0,1,0,0,0,0,0,0,0,0,0,0,0,0,1,0,4608
0,0,0,0.512621,0.54125,0.16045,0,1,0,0,1,0,0,0,0,0,0,1,0,0,0,0,0,0,0,0,0,0,0,0,0,1,4714
0,0,0,0.518933,0.631667,0.0746375,0,1,0,0,1,0,0,0,0,0,0,1,0,0,0,0,0,0,0,1,0,0,0,0,0,0,4333
0,0,1,0.525246,0.58875,0.176,0,1,0,0,1,0,0,0,0,0,0,1,0,0,0,0,0,0,0,0,1,0,0,0,0,0,4362
0,0,1,0.522721,0.489167,0.115671,0,1,0,0,1,0,0,0,0,0,0,1,0,0,0,0,0,0,0,0,0,1,0,0,0,0,4803
0,0,1,0.5284,0.632917,0.120642,0,1,0,0,1,0,0,0,0,0,0,1,0,0,0,0,0,0,0,0,0,0,1,0,0,0,4182
0,0,1,0.523363,0.7475,0.189667,0,1,0,0,1,0,0,0,0,0,0,1,0,0,0,0,0,0,0,0,0,0,0,1,0,0,4864
0,0,1,0.4943,0.863333,0.179725,0,1,0,0,0,1,0,0,0,0,0,1,0,0,0,0,0,0,0,0,0,0,0,0,1,0,4105
0,0,0,0.500629,0.9225,0.13495,0,1,0,0,0,1,0,0,0,0,0,1,0,0,0,0,0,0,0,0,0,0,0,0,0,1,3409
0,0,0,0.536,0.867083,0.152979,0,1,0,0,0,1,0,0,0,0,0,1,0,0,0,0,0,0,0,1,0,0,0,0,0,0,4553
0,0,1,0.550512,0.787917,0.126871,0,1,0,0,1,0,0,0,0,0,0,1,0,0,0,0,0,0,0,0,1,0,0,0,0,0,3958
0,0,1,0.538529,0.837917,0.277354,0,1,0,0,0,1,0,0,0,0,0,1,0,0,0,0,0,0,0,0,0,1,0,0,0,0,4123
0,0,1,0.527158,0.87,0.201492,0,1,0,0,0,1,0,0,0,0,0,1,0,0,0,0,0,0,0,0,0,0,1,0,0,0,3855
0,0,1,0.510742,0.829583,0.108213,0,1,0,0,0,1,0,0,0,0,0,1,0,0,0,0,0,0,0,0,0,0,0,1,0,0,4575
0,0,1,0.529042,0.719583,0.125013,0,1,0,0,1,0,0,0,0,0,0,1,0,0,0,0,0,0,0,0,0,0,0,0,1,0,4917
0,0,0,0.571975,0.626667,0.12065,0,1,0,0,1,0,0,0,0,0,0,1,0,0,0,0,0,0,0,0,0,0,0,0,0,1,5805
0,0,0,0.5745,0.749583,0.148008,0,1,0,0,1,0,0,0,0,0,0,1,0,0,0,0,0,0,0,1,0,0,0,0,0,0,4660
0,0,1,0.590296,0.81,0.233842,0,1,0,0,0,1,0,0,0,0,0,1,0,0,0,0,0,0,0,0,1,0,0,0,0,0,4274
0,0,1,0.604813,0.740833,0.207092,0,1,0,0,0,1,0,0,0,0,0,1,0,0,0,0,0,0,0,0,0,1,0,0,0,0,4492
0,0,1,0.615542,0.69625,0.154233,0,1,0,0,1,0,0,0,0,0,0,1,0,0,0,0,0,0,0,0,0,0,1,0,0,0,4978
0,0,1,0.654688,0.6775,0.199642,0,1,0,0,1,0,0,0,0,0,0,1,0,0,0,0,0,0,0,0,0,0,0,1,0,0,4677
0,0,1,0.637008,0.65375,0.240679,0,1,0,0,1,0,0,0,0,0,0,1,0,0,0,0,0,0,0,0,0,0,0,0,1,0,4679
0,0,0,0.612379,0.729583,0.230092,0,1,0,0,1,0,0,0,0,0,0,1,0,0,0,0,0,0,0,0,0,0,0,0,0,1,4758
0,0,0,0.61555,0.81875,0.213938,0,1,0,0,1,0,0,0,0,0,0,1,0,0,0,0,0,0,0,1,0,0,0,0,0,0,4788
0,1,0,0.671092,0.685,0.131225,0,1,0,0,1,0,0,0,0,0,0,1,0,0,0,0,0,0,0,0,1,0,0,0,0,0,4098
0,0,1,0.725383,0.636667,0.111329,0,1,0,0,1,0,0,0,0,0,0,1,0,0,0,0,0,0,0,0,0,1,0,0,0,0,3982
0,0,1,0.720967,0.677083,0.207092,0,1,0,0,0,1,0,0,0,0,0,0,1,0,0,0,0,0,0,0,0,0,1,0,0,0,3974
0,0,1,0.643942,0.305,0.292287,0,1,0,0,1,0,0,0,0,0,0,0,1,0,0,0,0,0,0,0,0,0,0,1,0,0,4968
0,0,1,0.587133,0.354167,0.253121,0,1,0,0,1,0,0,0,0,0,0,0,1,0,0,0,0,0,0,0,0,0,0,0,1,0,5312
0,0,0,0.594696,0.45625,0.123142,0,1,0,0,1,0,0,0,0,0,0,0,1,0,0,0,0,0,0,0,0,0,0,0,0,1,5342
0,0,0,0.616804,0.6525,0.138692,0,1,0,0,0,1,0,0,0,0,0,0,1,0,0,0,0,0,0,1,0,0,0,0,0,0,4906
0,0,1,0.621858,0.6,0.121896,0,1,0,0,1,0,0,0,0,0,0,0,1,0,0,0,0,0,0,0,1,0,0,0,0,0,4548
0,0,1,0.65595,0.597917,0.187808,0,1,0,0,1,0,0,0,0,0,0,0,1,0,0,0,0,0,0,0,0,1,0,0,0,0,4833
0,0,1,0.727279,0.622083,0.136817,0,1,0,0,1,0,0,0,0,0,0,0,1,0,0,0,0,0,0,0,0,0,1,0,0,0,4401
0,0,1,0.757579,0.568333,0.149883,0,1,0,0,0,1,0,0,0,0,0,0,1,0,0,0,0,0,0,0,0,0,0,1,0,0,3915
0,0,1,0.703292,0.605,0.140554,0,1,0,0,1,0,0,0,0,0,0,0,1,0,0,0,0,0,0,0,0,0,0,0,1,0,4586
0,0,0,0.678038,0.654583,0.15485,0,1,0,0,1,0,0,0,0,0,0,0,1,0,0,0,0,0,0,0,0,0,0,0,0,1,4966
0,0,0,0.643325,0.747917,0.163567,0,1,0,0,1,0,0,0,0,0,0,0,1,0,0,0,0,0,0,1,0,0,0,0,0,0,4460
0,0,1,0.601654,0.494583,0.30535,0,1,0,0,1,0,0,0,0,0,0,0,1,0,0,0,0,0,0,0,1,0,0,0,0,0,5020
0,0,1,0.591546,0.507083,0.269283,0,1,0,0,1,0,0,0,0,0,0,0,1,0,0,0,0,0,0,0,0,1,0,0,0,0,4891
0,0,1,0.587754,0.471667,0.167912,0,1,0,0,1,0,0,0,0,0,0,0,1,0,0,0,0,0,0,0,0,0,1,0,0,0,5180
0,0,1,0.595346,0.688333,0.206471,0,1,0,0,0,1,0,0,0,0,0,0,1,0,0,0,0,0,0,0,0,0,0,1,0,0,3767
0,0,1,0.600383,0.735833,0.143029,0,1,0,0,1,0,0,0,0,0,0,0,1,0,0,0,0,0,0,0,0,0,0,0,1,0,4844
0,0,0,0.643954,0.670417,0.119408,0,1,0,0,1,0,0,0,0,0,0,0,1,0,0,0,0,0,0,0,0,0,0,0,0,1,5119
0,0,0,0.645846,0.666667,0.102,0,1,0,0,0,1,0,0,0,0,0,0,1,0,0,0,0,0,0,1,0,0,0,0,0,0,4744
0,0,1,0.595346,0.74625,0.155475,0,1,0,0,0,1,0,0,0,0,0,0,1,0,0,0,0,0,0,0,1,0,0,0,0,0,4010
0,0,1,0.637646,0.770417,0.171025,0,0,1,0,0,1,0,0,0,0,0,0,1,0,0,0,0,0,0,0,0,1,0,0,0,0,4835
0,0,1,0.693829,0.7075,0.172262,0,0,1,0,1,0,0,0,0,0,0,0,1,0,0,0,0,0,0,0,0,0,1,0,0,0,4507
0,0,1,0.693833,0.703333,0.238804,0,0,1,0,0,1,0,0,0,0,0,0,1,0,0,0,0,0,0,0,0,0,0,1,0,0,4790
0,0,1,0.656583,0.573333,0.222025,0,0,1,0,1,0,0,0,0,0,0,0,1,0,0,0,0,0,0,0,0,0,0,0,1,0,4991
0,0,0,0.643313,0.483333,0.209571,0,0,1,0,1,0,0,0,0,0,0,0,1,0,0,0,0,0,0,0,0,0,0,0,0,1,5202
0,0,0,0.637629,0.513333,0.0945333,0,0,1,0,1,0,0,0,0,0,0,0,1,0,0,0,0,0,0,1,0,0,0,0,0,0,5305
0,0,1,0.637004,0.658333,0.107588,0,0,1,0,0,1,0,0,0,0,0,0,1,0,0,0,0,0,0,0,1,0,0,0,0,0,4708
0,0,1,0.692558,0.634167,0.144283,0,0,1,0,1,0,0,0,0,0,0,0,1,0,0,0,0,0,0,0,0,1,0,0,0,0,4648
0,0,1,0.654688,0.497917,0.261821,0,0,1,0,1,0,0,0,0,0,0,0,1,0,0,0,0,0,0,0,0,0,1,0,0,0,5225
0,0,1,0.637008,0.434167,0.185312,0,0,1,0,1,0,0,0,0,0,0,0,1,0,0,0,0,0,0,0,0,0,0,1,0,0,5515
0,0,1,0.652162,0.39625,0.102608,0,0,1,0,1,0,0,0,0,0,0,0,0,1,0,0,0,0,0,0,0,0,0,0,1,0,5362
0,0,0,0.667308,0.444583,0.115062,0,0,1,0,1,0,0,0,0,0,0,0,0,1,0,0,0,0,0,0,0,0,0,0,0,1,5119
0,0,0,0.668575,0.6825,0.228858,0,0,1,0,0,1,0,0,0,0,0,0,0,1,0,0,0,0,0,1,0,0,0,0,0,0,4649
0,1,0,0.665417,0.637917,0.0814792,0,0,1,0,0,1,0,0,0,0,0,0,0,1,0,0,0,0,0,0,1,0,0,0,0,0,6043
0,0,1,0.696338,0.590417,0.126258,0,0,1,0,1,0,0,0,0,0,0,0,0,1,0,0,0,0,0,0,0,1,0,0,0,0,4665
0,0,1,0.685633,0.743333,0.149883,0,0,1,0,1,0,0,0,0,0,0,0,0,1,0,0,0,0,0,0,0,0,1,0,0,0,4629
0,0,1,0.686871,0.65125,0.1592,0,0,1,0,1,0,0,0,0,0,0,0,0,1,0,0,0,0,0,0,0,0,0,1,0,0,4592
0,0,1,0.670483,0.757917,0.225129,0,0,1,0,0,1,0,0,0,0,0,0,0,1,0,0,0,0,0,0,0,0,0,0,1,0,4040
0,0,0,0.664158,0.609167,0.167912,0,0,1,0,1,0,0,0,0,0,0,0,0,1,0,0,0,0,0,0,0,0,0,0,0,1,5336
0,0,0,0.690025,0.578333,0.183471,0,0,1,0,1,0,0,0,0,0,0,0,0,1,0,0,0,0,0,1,0,0,0,0,0,0,4881
0,0,1,0.729804,0.635833,0.282337,0,0,1,0,1,0,0,0,0,0,0,0,0,1,0,0,0,0,0,0,1,0,0,0,0,0,4086
0,0,1,0.739275,0.559167,0.200254,0,0,1,0,1,0,0,0,0,0,0,0,0,1,0,0,0,0,0,0,0,1,0,0,0,0,4258
0,0,1,0.689404,0.631667,0.146133,0,0,1,0,1,0,0,0,0,0,0,0,0,1,0,0,0,0,0,0,0,0,1,0,0,0,4342
0,0,1,0.635104,0.47625,0.240667,0,0,1,0,1,0,0,0,0,0,0,0,0,1,0,0,0,0,0,0,0,0,0,1,0,0,5084
0,0,1,0.624371,0.59125,0.182833,0,0,1,0,1,0,0,0,0,0,0,0,0,1,0,0,0,0,0,0,0,0,0,0,1,0,5538
0,0,0,0.638263,0.585,0.208342,0,0,1,0,1,0,0,0,0,0,0,0,0,1,0,0,0,0,0,0,0,0,0,0,0,1,5923
0,0,0,0.669833,0.604167,0.245033,0,0,1,0,1,0,0,0,0,0,0,0,0,1,0,0,0,0,0,1,0,0,0,0,0,0,5302
0,0,1,0.703925,0.65125,0.215804,0,0,1,0,1,0,0,0,0,0,0,0,0,1,0,0,0,0,0,0,1,0,0,0,0,0,4458
0,0,1,0.747479,0.650417,0.1306,0,0,1,0,1,0,0,0,0,0,0,0,0,1,0,0,0,0,0,0,0,1,0,0,0,0,4541
0,0,1,0.74685,0.707083,0.113817,0,0,1,0,1,0,0,0,0,0,0,0,0,1,0,0,0,0,0,0,0,0,1,0,0,0,4332
0,0,1,0.826371,0.69125,0.222021,0,0,1,0,0,1,0,0,0,0,0,0,0,1,0,0,0,0,0,0,0,0,0,1,0,0,3784
0,0,1,0.840896,0.580417,0.1331,0,0,1,0,1,0,0,0,0,0,0,0,0,1,0,0,0,0,0,0,0,0,0,0,1,0,3387
0,0,0,0.804287,0.5,0.131221,0,0,1,0,1,0,0,0,0,0,0,0,0,1,0,0,0,0,0,0,0,0,0,0,0,1,3285
0,0,0,0.794829,0.550833,0.169171,0,0,1,0,1,0,0,0,0,0,0,0,0,1,0,0,0,0,0,1,0,0,0,0,0,0,3606
0,0,1,0.720958,0.757083,0.0908083,0,0,1,0,1,0,0,0,0,0,0,0,0,1,0,0,0,0,0,0,1,0,0,0,0,0,3840
0,0,1,0.696979,0.540833,0.200258,0,0,1,0,1,0,0,0,0,0,0,0,0,1,0,0,0,0,0,0,0,1,0,0,0,0,4590
0,0,1,0.690667,0.402917,0.183463,0,0,1,0,1,0,0,0,0,0,0,0,0,1,0,0,0,0,0,0,0,0,1,0,0,0,4656
0,0,1,0.7399,0.583333,0.178479,0,0,1,0,1,0,0,0,0,0,0,0,0,1,0,0,0,0,0,0,0,0,0,1,0,0,4390
0,0,1,0.785967,0.5425,0.174138,0,0,1,0,1,0,0,0,0,0,0,0,0,1,0,0,0,0,0,0,0,0,0,0,1,0,3846
0,0,0,0.728537,0.465833,0.168537,0,0,1,0,1,0,0,0,0,0,0,0,0,1,0,0,0,0,0,0,0,0,0,0,0,1,4475
0,0,0,0.729796,0.480833,0.164813,0,0,1,0,1,0,0,0,0,0,0,0,0,1,0,0,0,0,0,1,0,0,0,0,0,0,4302
0,0,1,0.703292,0.550833,0.156717,0,0,1,0,1,0,0,0,0,0,0,0,0,0,1,0,0,0,0,0,1,0,0,0,0,0,4266
0,0,1,0.707071,0.49125,0.20585,0,0,1,0,1,0,0,0,0,0,0,0,0,0,1,0,0,0,0,0,0,1,0,0,0,0,4845
0,0,1,0.679937,0.6575,0.135583,0,0,1,0,0,1,0,0,0,0,0,0,0,0,1,0,0,0,0,0,0,0,1,0,0,0,3574
0,0,1,0.664788,0.7575,0.19715,0,0,1,0,0,1,0,0,0,0,0,0,0,0,1,0,0,0,0,0,0,0,0,1,0,0,4576
0,0,1,0.656567,0.630833,0.184696,0,0,1,0,1,0,0,0,0,0,0,0,0,0,1,0,0,0,0,0,0,0,0,0,1,0,4866
0,0,0,0.676154,0.755,0.22825,0,0,1,0,0,1,0,0,0,0,0,0,0,0,1,0,0,0,0,0,0,0,0,0,0,1,4294
0,0,0,0.715292,0.752917,0.201487,0,0,1,0,1,0,0,0,0,0,0,0,0,0,1,0,0,0,0,1,0,0,0,0,0,0,3785
0,0,1,0.703283,0.592083,0.192175,0,0,1,0,1,0,0,0,0,0,0,0,0,0,1,0,0,0,0,0,1,0,0,0,0,0,4326
0,0,1,0.724121,0.570417,0.151121,0,0,1,0,1,0,0,0,0,0,0,0,0,0,1,0,0,0,0,0,0,1,0,0,0,0,4602
0,0,1,0.684983,0.424167,0.200258,0,0,1,0,1,0,0,0,0,0,0,0,0,0,1,0,0,0,0,0,0,0,1,0,0,0,4780
0,0,1,0.651521,0.42375,0.164796,0,0,1,0,1,0,0,0,0,0,0,0,0,0,1,0,0,0,0,0,0,0,0,1,0,0,4792
0,0,1,0.654042,0.415,0.125621,0,0,1,0,1,0,0,0,0,0,0,0,0,0,1,0,0,0,0,0,0,0,0,0,1,0,4905
0,0,0,0.645858,0.729583,0.211454,0,0,1,0,0,1,0,0,0,0,0,0,0,0,1,0,0,0,0,0,0,0,0,0,0,1,4150
0,0,0,0.624388,0.8175,0.222633,0,0,1,0,0,1,0,0,0,0,0,0,0,0,1,0,0,0,0,1,0,0,0,0,0,0,3820
0,0,1,0.616167,0.712083,0.208954,0,0,1,0,1,0,0,0,0,0,0,0,0,0,1,0,0,0,0,0,1,0,0,0,0,0,4338
0,0,1,0.645837,0.578333,0.236329,0,0,1,0,1,0,0,0,0,0,0,0,0,0,1,0,0,0,0,0,0,1,0,0,0,0,4725
0,0,1,0.666671,0.575417,0.143667,0,0,1,0,1,0,0,0,0,0,0,0,0,0,1,0,0,0,0,0,0,0,1,0,0,0,4694
0,0,1,0.662258,0.654583,0.233208,0,0,1,0,1,0,0,0,0,0,0,0,0,0,1,0,0,0,0,0,0,0,0,1,0,0,3805
0,0,1,0.633221,0.722917,0.139308,0,0,1,0,0,1,0,0,0,0,0,0,0,0,1,0,0,0,0,0,0,0,0,0,1,0,4153
0,0,0,0.648996,0.674167,0.104467,0,0,1,0,1,0,0,0,0,0,0,0,0,0,1,0,0,0,0,0,0,0,0,0,0,1,5191
0,0,0,0.675525,0.77,0.248754,0,0,1,0,1,0,0,0,0,0,0,0,0,0,1,0,0,0,0,1,0,0,0,0,0,0,3873
0,0,1,0.638254,0.47,0.27675,0,0,1,0,1,0,0,0,0,0,0,0,0,0,1,0,0,0,0,0,1,0,0,0,0,0,4758
0,0,1,0.606067,0.455417,0.146763,0,0,1,0,1,0,0,0,0,0,0,0,0,0,1,0,0,0,0,0,0,1,0,0,0,0,5895
0,0,1,0.630692,0.605,0.253108,0,0,1,0,1,0,0,0,0,0,0,0,0,0,1,0,0,0,0,0,0,0,1,0,0,0,5130
0,0,1,0.645854,0.771667,0.210833,0,0,1,0,0,1,0,0,0,0,0,0,0,0,1,0,0,0,0,0,0,0,0,1,0,0,3542
0,0,1,0.659733,0.76125,0.0839625,0,0,1,0,1,0,0,0,0,0,0,0,0,0,1,0,0,0,0,0,0,0,0,0,1,0,4661
0,0,0,0.635556,0.85,0.375617,0,0,1,0,0,1,0,0,0,0,0,0,0,0,1,0,0,0,0,0,0,0,0,0,0,1,1115
0,0,0,0.647959,0.561765,0.304659,0,0,1,0,1,0,0,0,0,0,0,0,0,0,1,0,0,0,0,1,0,0,0,0,0,0,4334
0,0,1,0.607958,0.554583,0.159825,0,0,1,0,1,0,0,0,0,0,0,0,0,0,1,0,0,0,0,0,1,0,0,0,0,0,4634
0,0,1,0.594704,0.548333,0.125008,0,0,1,0,1,0,0,0,0,0,0,0,0,0,1,0,0,0,0,0,0,1,0,0,0,0,5204
0,0,1,0.611121,0.597917,0.0833333,0,0,1,0,1,0,0,0,0,0,0,0,0,0,1,0,0,0,0,0,0,0,1,0,0,0,5058
0,0,1,0.614921,0.639167,0.141796,0,0,1,0,1,0,0,0,0,0,0,0,0,0,0,1,0,0,0,0,0,0,0,1,0,0,5115
0,0,1,0.604808,0.727083,0.139929,0,0,1,0,0,1,0,0,0,0,0,0,0,0,0,1,0,0,0,0,0,0,0,0,1,0,4727
0,0,0,0.633213,0.716667,0.185325,0,0,1,0,1,0,0,0,0,0,0,0,0,0,0,1,0,0,0,0,0,0,0,0,0,1,4484
0,0,0,0.665429,0.742083,0.206467,0,0,1,0,1,0,0,0,0,0,0,0,0,0,0,1,0,0,0,1,0,0,0,0,0,0,4940
0,1,0,0.625646,0.790417,0.212696,0,0,1,0,0,1,0,0,0,0,0,0,0,0,0,1,0,0,0,0,1,0,0,0,0,0,3351
0,0,1,0.5152,0.886957,0.343943,0,0,1,0,0,0,1,0,0,0,0,0,0,0,0,1,0,0,0,0,0,1,0,0,0,0,2710
0,0,1,0.544229,0.917083,0.0970208,0,0,1,0,0,0,1,0,0,0,0,0,0,0,0,1,0,0,0,0,0,0,1,0,0,0,1996
0,0,1,0.555361,0.939565,0.192748,0,0,1,0,0,0,1,0,0,0,0,0,0,0,0,1,0,0,0,0,0,0,0,1,0,0,1842
0,0,1,0.578946,0.897917,0.124379,0,0,1,0,0,1,0,0,0,0,0,0,0,0,0,1,0,0,0,0,0,0,0,0,1,0,3544
0,0,0,0.607962,0.75375,0.153608,0,0,1,0,1,0,0,0,0,0,0,0,0,0,0,1,0,0,0,0,0,0,0,0,0,1,5345
0,0,0,0.609229,0.71375,0.115054,0,0,1,0,1,0,0,0,0,0,0,0,0,0,0,1,0,0,0,1,0,0,0,0,0,0,5046
0,0,1,0.60213,0.692174,0.088913,0,0,1,0,1,0,0,0,0,0,0,0,0,0,0,1,0,0,0,0,1,0,0,0,0,0,4713
0,0,1,0.603554,0.7125,0.141804,0,0,1,0,1,0,0,0,0,0,0,0,0,0,0,1,0,0,0,0,0,1,0,0,0,0,4763
0,0,1,0.6269,0.697083,0.1673,0,0,1,0,1,0,0,0,0,0,0,0,0,0,0,1,0,0,0,0,0,0,1,0,0,0,4785
0,0,1,0.553671,0.709167,0.271146,0,0,1,0,0,1,0,0,0,0,0,0,0,0,0,1,0,0,0,0,0,0,0,1,0,0,3659
0,0,1,0.461475,0.590417,0.164183,0,0,1,0,0,1,0,0,0,0,0,0,0,0,0,1,0,0,0,0,0,0,0,0,1,0,4760
0,0,0,0.478512,0.718333,0.189675,0,0,1,0,0,1,0,0,0,0,0,0,0,0,0,1,0,0,0,0,0,0,0,0,0,1,4511
0,0,0,0.490537,0.695,0.178483,0,0,1,0,1,0,0,0,0,0,0,0,0,0,0,1,0,0,0,1,0,0,0,0,0,0,4274
0,0,1,0.529675,0.69,0.151742,0,0,1,0,0,1,0,0,0,0,0,0,0,0,0,1,0,0,0,0,1,0,0,0,0,0,4539
0,0,1,0.532217,0.88125,0.134954,0,0,1,0,0,1,0,0,0,0,0,0,0,0,0,1,0,0,0,0,0,1,0,0,0,0,3641
0,0,1,0.550533,0.9,0.0964042,0,0,1,0,0,1,0,0,0,0,0,0,0,0,0,1,0,0,0,0,0,0,1,0,0,0,4352
0,0,1,0.554963,0.902083,0.128125,0,0,1,0,0,1,0,0,0,0,0,0,0,0,0,1,0,0,0,0,0,0,0,1,0,0,4795
0,0,1,0.522125,0.9725,0.0783667,0,0,0,1,0,1,0,0,0,0,0,0,0,0,0,1,0,0,0,0,0,0,0,0,1,0,2395
0,0,0,0.564412,0.8625,0.0783833,0,0,0,1,0,1,0,0,0,0,0,0,0,0,0,1,0,0,0,0,0,0,0,0,0,1,5423
0,0,0,0.572637,0.845,0.0503792,0,0,0,1,0,1,0,0,0,0,0,0,0,0,0,1,0,0,0,1,0,0,0,0,0,0,5010
0,0,1,0.589042,0.848333,0.1107,0,0,0,1,0,1,0,0,0,0,0,0,0,0,0,1,0,0,0,0,1,0,0,0,0,0,4630
0,0,1,0.574525,0.885417,0.118171,0,0,0,1,0,1,0,0,0,0,0,0,0,0,0,1,0,0,0,0,0,1,0,0,0,0,4120
0,0,1,0.575158,0.84875,0.148629,0,0,0,1,0,1,0,0,0,0,0,0,0,0,0,1,0,0,0,0,0,0,1,0,0,0,3907
0,0,1,0.574512,0.699167,0.172883,0,0,0,1,1,0,0,0,0,0,0,0,0,0,0,1,0,0,0,0,0,0,0,1,0,0,4839
0,0,1,0.544829,0.6475,0.206475,0,0,0,1,1,0,0,0,0,0,0,0,0,0,0,1,0,0,0,0,0,0,0,0,1,0,5202
0,0,0,0.412863,0.75375,0.292296,0,0,0,1,0,1,0,0,0,0,0,0,0,0,0,0,1,0,0,0,0,0,0,0,0,1,2429
0,0,0,0.345317,0.791667,0.222013,0,0,0,1,0,1,0,0,0,0,0,0,0,0,0,0,1,0,0,1,0,0,0,0,0,0,2918
0,0,1,0.392046,0.760833,0.0833458,0,0,0,1,0,1,0,0,0,0,0,0,0,0,0,0,1,0,0,0,1,0,0,0,0,0,3570
0,0,1,0.472858,0.71,0.205854,0,0,0,1,1,0,0,0,0,0,0,0,0,0,0,0,1,0,0,0,0,1,0,0,0,0,4456
0,0,1,0.527138,0.647917,0.17725,0,0,0,1,1,0,0,0,0,0,0,0,0,0,0,0,1,0,0,0,0,0,1,0,0,0,4826
0,0,1,0.480425,0.620833,0.134954,0,0,0,1,1,0,0,0,0,0,0,0,0,0,0,0,1,0,0,0,0,0,0,1,0,0,4765
0,0,1,0.504404,0.684167,0.0223917,0,0,0,1,1,0,0,0,0,0,0,0,0,0,0,0,1,0,0,0,0,0,0,0,1,0,4985
0,0,0,0.513242,0.70125,0.0454042,0,0,0,1,1,0,0,0,0,0,0,0,0,0,0,0,1,0,0,0,0,0,0,0,0,1,5409
0,0,0,0.523983,0.7275,0.06345,0,0,0,1,1,0,0,0,0,0,0,0,0,0,0,0,1,0,0,1,0,0,0,0,0,0,5511
0,1,0,0.542925,0.73375,0.0423042,0,0,0,1,1,0,0,0,0,0,0,0,0,0,0,0,1,0,0,0,1,0,0,0,0,0,5117
0,0,1,0.546096,0.80875,0.143042,0,0,0,1,0,1,0,0,0,0,0,0,0,0,0,0,1,0,0,0,0,1,0,0,0,0,4563
0,0,1,0.517717,0.90625,0.24815,0,0,0,1,0,0,1,0,0,0,0,0,0,0,0,0,1,0,0,0,0,0,1,0,0,0,2416
0,0,1,0.551804,0.896667,0.141787,0,0,0,1,0,1,0,0,0,0,0,0,0,0,0,0,1,0,0,0,0,0,0,1,0,0,2913
0,0,1,0.529675,0.71625,0.223883,0,0,0,1,0,1,0,0,0,0,0,0,0,0,0,0,1,0,0,0,0,0,0,0,1,0,3644
0,0,0,0.498725,0.483333,0.258083,0,0,0,1,1,0,0,0,0,0,0,0,0,0,0,0,1,0,0,0,0,0,0,0,0,1,5217
0,0,0,0.503154,0.486667,0.281717,0,0,0,1,1,0,0,0,0,0,0,0,0,0,0,0,1,0,0,1,0,0,0,0,0,0,5041
0,0,1,0.510725,0.579583,0.175379,0,0,0,1,1,0,0,0,0,0,0,0,0,0,0,0,1,0,0,0,1,0,0,0,0,0,4570
0,0,1,0.522721,0.701667,0.110087,0,0,0,1,0,1,0,0,0,0,0,0,0,0,0,0,1,0,0,0,0,1,0,0,0,0,4748
0,0,1,0.513848,0.895217,0.243339,0,0,0,1,0,0,1,0,0,0,0,0,0,0,0,0,1,0,0,0,0,0,1,0,0,0,2424
0,0,1,0.466525,0.63625,0.422275,0,0,0,1,1,0,0,0,0,0,0,0,0,0,0,0,1,0,0,0,0,0,0,1,0,0,4195
0,0,1,0.423596,0.574167,0.221396,0,0,0,1,1,0,0,0,0,0,0,0,0,0,0,0,1,0,0,0,0,0,0,0,1,0,4304
0,0,0,0.425492,0.629167,0.0926667,0,0,0,1,1,0,0,0,0,0,0,0,0,0,0,0,1,0,0,0,0,0,0,0,0,1,4308
0,0,0,0.422333,0.74125,0.0995125,0,0,0,1,1,0,0,0,0,0,0,0,0,0,0,0,1,0,0,1,0,0,0,0,0,0,4381
0,0,1,0.457067,0.772083,0.118792,0,0,0,1,1,0,0,0,0,0,0,0,0,0,0,0,1,0,0,0,1,0,0,0,0,0,4187
0,0,1,0.463375,0.622917,0.166658,0,0,0,1,1,0,0,0,0,0,0,0,0,0,0,0,1,0,0,0,0,1,0,0,0,0,4687
0,0,1,0.472846,0.720417,0.148642,0,0,0,1,0,1,0,0,0,0,0,0,0,0,0,0,1,0,0,0,0,0,1,0,0,0,3894
0,0,1,0.457046,0.812917,0.197763,0,0,0,1,0,1,0,0,0,0,0,0,0,0,0,0,1,0,0,0,0,0,0,1,0,0,2659
0,0,1,0.318812,0.585833,0.229479,0,0,0,1,0,1,0,0,0,0,0,0,0,0,0,0,1,0,0,0,0,0,0,0,1,0,3747
0,0,0,0.227913,0.8825,0.351371,0,0,0,1,0,0,1,0,0,0,0,0,0,0,0,0,1,0,0,0,0,0,0,0,0,1,627
0,0,0,0.321329,0.62375,0.176617,0,0,0,1,1,0,0,0,0,0,0,0,0,0,0,0,1,0,0,1,0,0,0,0,0,0,3331
0,0,1,0.356063,0.703333,0.10635,0,0,0,1,1,0,0,0,0,0,0,0,0,0,0,0,1,0,0,0,1,0,0,0,0,0,3669
0,0,1,0.397088,0.68375,0.135571,0,0,0,1,1,0,0,0,0,0,0,0,0,0,0,0,0,1,0,0,0,1,0,0,0,0,4068
0,0,1,0.390133,0.71875,0.0820917,0,0,0,1,1,0,0,0,0,0,0,0,0,0,0,0,0,1,0,0,0,0,1,0,0,0,4186
0,0,1,0.405921,0.702083,0.136817,0,0,0,1,1,0,0,0,0,0,0,0,0,0,0,0,0,1,0,0,0,0,0,1,0,0,3974
0,0,1,0.403392,0.6225,0.271779,0,0,0,1,0,1,0,0,0,0,0,0,0,0,0,0,0,1,0,0,0,0,0,0,1,0,4046
0,0,0,0.323854,0.519167,0.189062,0,0,0,1,1,0,0,0,0,0,0,0,0,0,0,0,0,1,0,0,0,0,0,0,0,1,3926
0,0,0,0.362358,0.734583,0.0920542,0,0,0,1,1,0,0,0,0,0,0,0,0,0,0,0,0,1,0,1,0,0,0,0,0,0,3649
0,0,1,0.400871,0.75875,0.057225,0,0,0,1,1,0,0,0,0,0,0,0,0,0,0,0,0,1,0,0,1,0,0,0,0,0,4035
0,0,1,0.412246,0.721667,0.0690375,0,0,0,1,1,0,0,0,0,0,0,0,0,0,0,0,0,1,0,0,0,1,0,0,0,0,4205
0,0,1,0.409079,0.758333,0.0621958,0,0,0,1,1,0,0,0,0,0,0,0,0,0,0,0,0,1,0,0,0,0,1,0,0,0,4109
0,0,1,0.373721,0.813333,0.189067,0,0,0,1,0,1,0,0,0,0,0,0,0,0,0,0,0,1,0,0,0,0,0,1,0,0,2933
0,1,0,0.306817,0.44625,0.314675,0,0,0,1,1,0,0,0,0,0,0,0,0,0,0,0,0,1,0,0,0,0,0,0,1,0,3368
0,0,0,0.357942,0.552917,0.212062,0,0,0,1,1,0,0,0,0,0,0,0,0,0,0,0,0,1,0,0,0,0,0,0,0,1,4067
0,0,0,0.43055,0.458333,0.281721,0,0,0,1,1,0,0,0,0,0,0,0,0,0,0,0,0,1,0,1,0,0,0,0,0,0,3717
0,0,1,0.524612,0.587083,0.306596,0,0,0,1,1,0,0,0,0,0,0,0,0,0,0,0,0,1,0,0,1,0,0,0,0,0,4486
0,0,1,0.507579,0.68875,0.199633,0,0,0,1,0,1,0,0,0,0,0,0,0,0,0,0,0,1,0,0,0,1,0,0,0,0,4195
0,0,1,0.451988,0.93,0.136829,0,0,0,1,0,0,1,0,0,0,0,0,0,0,0,0,0,1,0,0,0,0,1,0,0,0,1817
0,0,1,0.323221,0.575833,0.305362,0,0,0,1,0,1,0,0,0,0,0,0,0,0,0,0,0,1,0,0,0,0,0,1,0,0,3053
0,0,1,0.272721,0.41,0.168533,0,0,0,1,1,0,0,0,0,0,0,0,0,0,0,0,0,1,0,0,0,0,0,0,1,0,3392
0,0,0,0.324483,0.502083,0.224496,0,0,0,1,1,0,0,0,0,0,0,0,0,0,0,0,0,1,0,0,0,0,0,0,0,1,3663
0,0,0,0.457058,0.684583,0.18595,0,0,0,1,0,1,0,0,0,0,0,0,0,0,0,0,0,1,0,1,0,0,0,0,0,0,3520
0,0,1,0.445062,0.91,0.138054,0,0,0,1,0,0,1,0,0,0,0,0,0,0,0,0,0,1,0,0,1,0,0,0,0,0,2765
0,0,1,0.421696,0.9625,0.118792,0,0,0,1,0,0,1,0,0,0,0,0,0,0,0,0,0,1,0,0,0,1,0,0,0,0,1607
0,0,1,0.430537,0.757917,0.335825,0,0,0,1,0,1,0,0,0,0,0,0,0,0,0,0,0,1,0,0,0,0,1,0,0,0,2566
0,1,0,0.372471,0.549167,0.167304,0,0,0,1,1,0,0,0,0,0,0,0,0,0,0,0,0,1,0,0,0,0,0,1,0,0,1495
0,0,1,0.380671,0.64375,0.0988958,0,0,0,1,1,0,0,0,0,0,0,0,0,0,0,0,0,1,0,0,0,0,0,0,1,0,2792
0,0,0,0.385087,0.681667,0.0684208,0,0,0,1,1,0,0,0,0,0,0,0,0,0,0,0,0,1,0,0,0,0,0,0,0,1,3068
0,0,0,0.4558,0.698333,0.208954,0,0,0,1,1,0,0,0,0,0,0,0,0,0,0,0,0,1,0,1,0,0,0,0,0,0,3071
0,0,1,0.490122,0.743043,0.142122,0,0,0,1,1,0,0,0,0,0,0,0,0,0,0,0,0,1,0,0,1,0,0,0,0,0,3867
0,0,1,0.451375,0.830833,0.258092,0,0,0,1,0,1,0,0,0,0,0,0,0,0,0,0,0,1,0,0,0,1,0,0,0,0,2914
0,0,1,0.311221,0.613333,0.271158,0,0,0,1,1,0,0,0,0,0,0,0,0,0,0,0,0,1,0,0,0,0,1,0,0,0,3613
0,0,1,0.305554,0.524583,0.220158,0,0,0,1,1,0,0,0,0,0,0,0,0,0,0,0,0,0,1,0,0,0,0,1,0,0,3727
0,0,1,0.331433,0.625833,0.100754,0,0,0,1,1,0,0,0,0,0,0,0,0,0,0,0,0,0,1,0,0,0,0,0,1,0,3940
0,0,0,0.310604,0.612917,0.0957833,0,0,0,1,1,0,0,0,0,0,0,0,0,0,0,0,0,0,1,0,0,0,0,0,0,1,3614
0,0,0,0.3491,0.775833,0.0839583,0,0,0,1,1,0,0,0,0,0,0,0,0,0,0,0,0,0,1,1,0,0,0,0,0,0,3485
0,0,1,0.393925,0.827083,0.0622083,0,0,0,1,0,1,0,0,0,0,0,0,0,0,0,0,0,0,1,0,1,0,0,0,0,0,3811
0,0,1,0.4564,0.949583,0.232583,0,0,0,1,0,0,1,0,0,0,0,0,0,0,0,0,0,0,1,0,0,1,0,0,0,0,2594
0,0,1,0.400246,0.970417,0.266175,0,0,0,1,0,0,1,0,0,0,0,0,0,0,0,0,0,0,1,0,0,0,1,0,0,0,705
0,0,1,0.256938,0.58,0.240058,0,0,0,1,1,0,0,0,0,0,0,0,0,0,0,0,0,0,1,0,0,0,0,1,0,0,3322
0,0,1,0.317542,0.695833,0.0827167,0,0,0,1,1,0,0,0,0,0,0,0,0,0,0,0,0,0,1,0,0,0,0,0,1,0,3620
0,0,0,0.266412,0.5075,0.233221,0,0,0,1,1,0,0,0,0,0,0,0,0,0,0,0,0,0,1,0,0,0,0,0,0,1,3190
0,0,0,0.253154,0.49,0.0665417,0,0,0,1,1,0,0,0,0,0,0,0,0,0,0,0,0,0,1,1,0,0,0,0,0,0,2743
0,0,1,0.270196,0.670833,0.06345,0,0,0,1,1,0,0,0,0,0,0,0,0,0,0,0,0,0,1,0,1,0,0,0,0,0,3310
0,0,1,0.301138,0.59,0.14055,0,0,0,1,1,0,0,0,0,0,0,0,0,0,0,0,0,0,1,0,0,1,0,0,0,0,3523
0,0,1,0.338362,0.66375,0.0609583,0,0,0,1,0,1,0,0,0,0,0,0,0,0,0,0,0,0,1,0,0,0,1,0,0,0,3740
0,0,1,0.412237,0.634167,0.268042,0,0,0,1,0,1,0,0,0,0,0,0,0,0,0,0,0,0,1,0,0,0,0,1,0,0,3709
0,0,1,0.359825,0.500417,0.260575,0,0,0,1,0,1,0,0,0,0,0,0,0,0,0,0,0,0,1,0,0,0,0,0,1,0,3577
0,0,0,0.249371,0.560833,0.243167,0,0,0,1,0,1,0,0,0,0,0,0,0,0,0,0,0,0,1,0,0,0,0,0,0,1,2739
0,0,0,0.245579,0.58625,0.169779,0,0,0,1,1,0,0,0,0,0,0,0,0,0,0,0,0,0,1,1,0,0,0,0,0,0,2431
0,0,1,0.280933,0.6375,0.172896,0,0,0,1,1,0,0,0,0,0,0,0,0,0,0,0,0,0,1,0,1,0,0,0,0,0,3403
0,0,1,0.396454,0.595417,0.0615708,0,0,0,1,0,1,0,0,0,0,0,0,0,0,0,0,0,0,1,0,0,1,0,0,0,0,3750
0,0,1,0.428017,0.858333,0.2214,1,0,0,0,0,1,0,0,0,0,0,0,0,0,0,0,0,0,1,0,0,0,1,0,0,0,2660
0,0,1,0.426121,0.7575,0.047275,1,0,0,0,0,1,0,0,0,0,0,0,0,0,0,0,0,0,1,0,0,0,0,1,0,0,3068
0,0,1,0.377513,0.68625,0.274246,1,0,0,0,1,0,0,0,0,0,0,0,0,0,0,0,0,0,1,0,0,0,0,0,1,0,2209
0,0,0,0.299242,0.5425,0.190304,1,0,0,0,1,0,0,0,0,0,0,0,0,0,0,0,0,0,1,0,0,0,0,0,0,1,1011
0,0,0,0.279961,0.681304,0.155091,1,0,0,0,1,0,0,0,0,0,0,0,0,0,0,0,0,0,1,1,0,0,0,0,0,0,754
0,1,0,0.315535,0.506957,0.239465,1,0,0,0,1,0,0,0,0,0,0,0,0,0,0,0,0,0,1,0,1,0,0,0,0,0,1317
0,0,1,0.327633,0.7625,0.18845,1,0,0,0,0,1,0,0,0,0,0,0,0,0,0,0,0,0,1,0,0,1,0,0,0,0,1162
0,0,1,0.279974,0.503913,0.293961,1,0,0,0,1,0,0,0,0,0,0,0,0,0,0,0,0,0,1,0,0,0,1,0,0,0,2302
0,0,1,0.263892,0.574167,0.119412,1,0,0,0,1,0,0,0,0,0,0,0,0,0,0,0,0,0,1,0,0,0,0,1,0,0,2423
0,0,1,0.318812,0.636667,0.134337,1,0,0,0,1,0,0,0,0,0,0,0,0,0,0,0,0,0,1,0,0,0,0,0,1,0,2999
0,0,0,0.414121,0.615833,0.220154,1,0,0,0,1,0,0,0,0,0,0,0,0,0,0,0,0,0,1,0,0,0,0,0,0,1,2485
1,0,0,0.375621,0.6925,0.192167,1,0,0,0,1,0,0,1,0,0,0,0,0,0,0,0,0,0,0,1,0,0,0,0,0,0,2294
1,1,0,0.252304,0.381304,0.329665,1,0,0,0,1,0,0,1,0,0,0,0,0,0,0,0,0,0,0,0,1,0,0,0,0,0,1951
1,0,1,0.126275,0.44125,0.365671,1,0,0,0,1,0,0,1,0,0,0,0,0,0,0,0,0,0,0,0,0,1,0,0,0,0,2236
1,0,1,0.119337,0.414583,0.1847,1,0,0,0,0,1,0,1,0,0,0,0,0,0,0,0,0,0,0,0,0,0,1,0,0,0,2368
1,0,1,0.278412,0.524167,0.129987,1,0,0,0,1,0,0,1,0,0,0,0,0,0,0,0,0,0,0,0,0,0,0,1,0,0,3272
1,0,1,0.340267,0.542083,0.167908,1,0,0,0,1,0,0,1,0,0,0,0,0,0,0,0,0,0,0,0,0,0,0,0,1,0,4098
1,0,0,0.390779,0.531667,0.174758,1,0,0,0,1,0,0,1,0,0,0,0,0,0,0,0,0,0,0,0,0,0,0,0,0,1,4521
1,0,0,0.340258,0.465,0.191542,1,0,0,0,1,0,0,1,0,0,0,0,0,0,0,0,0,0,0,1,0,0,0,0,0,0,3425
1,0,1,0.247479,0.701667,0.0989,1,0,0,0,0,1,0,1,0,0,0,0,0,0,0,0,0,0,0,0,1,0,0,0,0,0,2376
1,0,1,0.318826,0.646522,0.187552,1,0,0,0,1,0,0,1,0,0,0,0,0,0,0,0,0,0,0,0,0,1,0,0,0,0,3598
1,0,1,0.282821,0.8475,0.131221,1,0,0,0,0,1,0,1,0,0,0,0,0,0,0,0,0,0,0,0,0,0,1,0,0,0,2177
1,0,1,0.381938,0.802917,0.180967,1,0,0,0,0,1,0,1,0,0,0,0,0,0,0,0,0,0,0,0,0,0,0,1,0,0,4097
1,0,1,0.249362,0.5075,0.378108,1,0,0,0,1,0,0,1,0,0,0,0,0,0,0,0,0,0,0,0,0,0,0,0,1,0,3214
1,0,0,0.183087,0.4575,0.187183,1,0,0,0,1,0,0,1,0,0,0,0,0,0,0,0,0,0,0,0,0,0,0,0,0,1,2493
1,0,0,0.161625,0.419167,0.251258,1,0,0,0,1,0,0,1,0,0,0,0,0,0,0,0,0,0,0,1,0,0,0,0,0,0,2311
1,1,0,0.190663,0.5225,0.231358,1,0,0,0,1,0,0,1,0,0,0,0,0,0,0,0,0,0,0,0,1,0,0,0,0,0,2298
1,0,1,0.364278,0.716087,0.34913,1,0,0,0,0,1,0,1,0,0,0,0,0,0,0,0,0,0,0,0,0,1,0,0,0,0,2935
1,0,1,0.275254,0.443333,0.415429,1,0,0,0,1,0,0,1,0,0,0,0,0,0,0,0,0,0,0,0,0,0,1,0,0,0,3376
1,0,1,0.190038,0.4975,0.220158,1,0,0,0,1,0,0,1,0,0,0,0,0,0,0,0,0,0,0,0,0,0,0,1,0,0,3292
1,0,1,0.220958,0.45,0.20275,1,0,0,0,0,1,0,1,0,0,0,0,0,0,0,0,0,0,0,0,0,0,0,0,1,0,3163
1,0,0,0.174875,0.83125,0.222642,1,0,0,0,0,1,0,1,0,0,0,0,0,0,0,0,0,0,0,0,0,0,0,0,0,1,1301
1,0,0,0.16225,0.79625,0.199638,1,0,0,0,0,1,0,1,0,0,0,0,0,0,0,0,0,0,0,1,0,0,0,0,0,0,1977
1,0,1,0.243058,0.91125,0.110708,1,0,0,0,0,1,0,1,0,0,0,0,0,0,0,0,0,0,0,0,1,0,0,0,0,0,2432
1,0,1,0.349108,0.835833,0.123767,1,0,0,0,1,0,0,1,0,0,0,0,0,0,0,0,0,0,0,0,0,1,0,0,0,0,4339
1,0,1,0.294821,0.64375,0.161071,1,0,0,0,1,0,0,1,0,0,0,0,0,0,0,0,0,0,0,0,0,0,1,0,0,0,4270
1,0,1,0.35605,0.769583,0.0733958,1,0,0,0,0,1,0,1,0,0,0,0,0,0,0,0,0,0,0,0,0,0,0,1,0,0,4075
1,0,1,0.415383,0.74125,0.342667,1,0,0,0,0,1,0,1,0,0,0,0,0,0,0,0,0,0,0,0,0,0,0,0,1,0,3456
1,0,0,0.326379,0.543333,0.210829,1,0,0,0,1,0,0,1,0,0,0,0,0,0,0,0,0,0,0,0,0,0,0,0,0,1,4023
1,0,0,0.272721,0.31125,0.24005,1,0,0,0,1,0,0,1,0,0,0,0,0,0,0,0,0,0,0,1,0,0,0,0,0,0,3243
1,0,1,0.262625,0.400833,0.215792,1,0,0,0,1,0,0,1,0,0,0,0,0,0,0,0,0,0,0,0,1,0,0,0,0,0,3624
1,0,1,0.381317,0.416667,0.261817,1,0,0,0,1,0,0,1,0,0,0,0,0,0,0,0,0,0,0,0,0,1,0,0,0,0,4509
1,0,1,0.466538,0.507917,0.189067,1,0,0,0,1,0,0,0,1,0,0,0,0,0,0,0,0,0,0,0,0,0,1,0,0,0,4579
1,0,1,0.398971,0.672917,0.187187,1,0,0,0,0,1,0,0,1,0,0,0,0,0,0,0,0,0,0,0,0,0,0,1,0,0,3761
1,0,1,0.309346,0.526667,0.178496,1,0,0,0,1,0,0,0,1,0,0,0,0,0,0,0,0,0,0,0,0,0,0,0,1,0,4151
1,0,0,0.272725,0.779583,0.121896,1,0,0,0,0,1,0,0,1,0,0,0,0,0,0,0,0,0,0,0,0,0,0,0,0,1,2832
1,0,0,0.264521,0.687917,0.175996,1,0,0,0,0,1,0,0,1,0,0,0,0,0,0,0,0,0,0,1,0,0,0,0,0,0,2947
1,0,1,0.296426,0.622174,0.1538,1,0,0,0,1,0,0,0,1,0,0,0,0,0,0,0,0,0,0,0,1,0,0,0,0,0,3784
1,0,1,0.361104,0.49625,0.147379,1,0,0,0,1,0,0,0,1,0,0,0,0,0,0,0,0,0,0,0,0,1,0,0,0,0,4375
1,0,1,0.266421,0.722917,0.133721,1,0,0,0,0,1,0,0,1,0,0,0,0,0,0,0,0,0,0,0,0,0,1,0,0,0,2802
1,0,1,0.261988,0.562083,0.194037,1,0,0,0,1,0,0,0,1,0,0,0,0,0,0,0,0,0,0,0,0,0,0,1,0,0,3830
1,0,1,0.293558,0.54,0.116929,1,0,0,0,0,1,0,0,1,0,0,0,0,0,0,0,0,0,0,0,0,0,0,0,1,0,3831
1,0,0,0.210867,0.73125,0.289796,1,0,0,0,0,0,1,0,1,0,0,0,0,0,0,0,0,0,0,0,0,0,0,0,0,1,2169
1,0,0,0.101658,0.464583,0.409212,1,0,0,0,1,0,0,0,1,0,0,0,0,0,0,0,0,0,0,1,0,0,0,0,0,0,1529
1,0,1,0.227913,0.41125,0.167283,1,0,0,0,1,0,0,0,1,0,0,0,0,0,0,0,0,0,0,0,1,0,0,0,0,0,3422
1,0,1,0.333946,0.50875,0.141179,1,0,0,0,0,1,0,0,1,0,0,0,0,0,0,0,0,0,0,0,0,1,0,0,0,0,3922
1,0,1,0.351629,0.53125,0.1816,1,0,0,0,1,0,0,0,1,0,0,0,0,0,0,0,0,0,0,0,0,0,1,0,0,0,4169
1,0,1,0.330162,0.752917,0.091425,1,0,0,0,0,1,0,0,1,0,0,0,0,0,0,0,0,0,0,0,0,0,0,1,0,0,3005
1,0,1,0.351629,0.634583,0.205846,1,0,0,0,1,0,0,0,1,0,0,0,0,0,0,0,0,0,0,0,0,0,0,0,1,0,4154
1,0,0,0.355425,0.534583,0.190929,1,0,0,0,1,0,0,0,1,0,0,0,0,0,0,0,0,0,0,0,0,0,0,0,0,1,4318
1,0,0,0.265788,0.515833,0.253112,1,0,0,0,0,1,0,0,1,0,0,0,0,0,0,0,0,0,0,1,0,0,0,0,0,0,2689
1,1,0,0.273391,0.507826,0.229083,1,0,0,0,1,0,0,0,1,0,0,0,0,0,0,0,0,0,0,0,1,0,0,0,0,0,3129
1,0,1,0.295113,0.594348,0.205717,1,0,0,0,1,0,0,0,1,0,0,0,0,0,0,0,0,0,0,0,0,1,0,0,0,0,3777
1,0,1,0.392667,0.567917,0.234471,1,0,0,0,1,0,0,0,1,0,0,0,0,0,0,0,0,0,0,0,0,0,1,0,0,0,4773
1,0,1,0.444446,0.554583,0.190913,1,0,0,0,1,0,0,0,1,0,0,0,0,0,0,0,0,0,0,0,0,0,0,1,0,0,5062
1,0,1,0.410971,0.7375,0.237567,1,0,0,0,0,1,0,0,1,0,0,0,0,0,0,0,0,0,0,0,0,0,0,0,1,0,3487
1,0,0,0.255675,0.395833,0.421642,1,0,0,0,1,0,0,0,1,0,0,0,0,0,0,0,0,0,0,0,0,0,0,0,0,1,2732
1,0,0,0.268308,0.41,0.205229,1,0,0,0,1,0,0,0,1,0,0,0,0,0,0,0,0,0,0,1,0,0,0,0,0,0,3389
1,0,1,0.357954,0.490833,0.268033,1,0,0,0,1,0,0,0,1,0,0,0,0,0,0,0,0,0,0,0,1,0,0,0,0,0,4322
1,0,1,0.353525,0.395833,0.193417,1,0,0,0,1,0,0,0,1,0,0,0,0,0,0,0,0,0,0,0,0,1,0,0,0,0,4363
1,0,1,0.34847,0.804783,0.179117,1,0,0,0,0,1,0,0,1,0,0,0,0,0,0,0,0,0,0,0,0,0,1,0,0,0,1834
1,0,1,0.475371,0.615417,0.226987,1,0,0,0,1,0,0,0,0,1,0,0,0,0,0,0,0,0,0,0,0,0,0,1,0,0,4990
1,0,1,0.359842,0.657083,0.144904,1,0,0,0,0,1,0,0,0,1,0,0,0,0,0,0,0,0,0,0,0,0,0,0,1,0,3194
1,0,0,0.413492,0.62125,0.161079,1,0,0,0,0,1,0,0,0,1,0,0,0,0,0,0,0,0,0,0,0,0,0,0,0,1,4066
1,0,0,0.303021,0.403333,0.334571,1,0,0,0,1,0,0,0,0,1,0,0,0,0,0,0,0,0,0,1,0,0,0,0,0,0,3423
1,0,1,0.241171,0.50625,0.228858,1,0,0,0,1,0,0,0,0,1,0,0,0,0,0,0,0,0,0,0,1,0,0,0,0,0,3333
1,0,1,0.255042,0.456667,0.200875,1,0,0,0,1,0,0,0,0,1,0,0,0,0,0,0,0,0,0,0,0,1,0,0,0,0,3956
1,0,1,0.3851,0.513333,0.345779,1,0,0,0,1,0,0,0,0,1,0,0,0,0,0,0,0,0,0,0,0,0,1,0,0,0,4916
1,0,1,0.524604,0.5675,0.441563,1,0,0,0,1,0,0,0,0,1,0,0,0,0,0,0,0,0,0,0,0,0,0,1,0,0,5382
1,0,1,0.397083,0.407083,0.4148,1,0,0,0,0,1,0,0,0,1,0,0,0,0,0,0,0,0,0,0,0,0,0,0,1,0,4569
1,0,0,0.277767,0.350417,0.22575,1,0,0,0,1,0,0,0,0,1,0,0,0,0,0,0,0,0,0,0,0,0,0,0,0,1,4118
1,0,0,0.35967,0.476957,0.222587,1,0,0,0,1,0,0,0,0,1,0,0,0,0,0,0,0,0,0,1,0,0,0,0,0,0,4911
1,0,1,0.459592,0.489167,0.207713,1,0,0,0,1,0,0,0,0,1,0,0,0,0,0,0,0,0,0,0,1,0,0,0,0,0,5298
1,0,1,0.542929,0.6175,0.23695,1,0,0,0,1,0,0,0,0,1,0,0,0,0,0,0,0,0,0,0,0,1,0,0,0,0,5847
1,0,1,0.548617,0.507083,0.115062,1,0,0,0,1,0,0,0,0,1,0,0,0,0,0,0,0,0,0,0,0,0,1,0,0,0,6312
1,0,1,0.532825,0.579583,0.149883,1,0,0,0,1,0,0,0,0,1,0,0,0,0,0,0,0,0,0,0,0,0,0,1,0,0,6192
1,0,1,0.436229,0.842083,0.113192,1,0,0,0,0,1,0,0,0,1,0,0,0,0,0,0,0,0,0,0,0,0,0,0,1,0,4378
1,0,0,0.505046,0.755833,0.110704,1,0,0,0,0,1,0,0,0,1,0,0,0,0,0,0,0,0,0,0,0,0,0,0,0,1,7836
1,0,0,0.464,0.81,0.126883,1,0,0,0,0,1,0,0,0,1,0,0,0,0,0,0,0,0,0,1,0,0,0,0,0,0,5892
1,0,1,0.532821,0.72875,0.162317,1,0,0,0,1,0,0,0,0,1,0,0,0,0,0,0,0,0,0,0,1,0,0,0,0,0,6153
1,0,1,0.538533,0.807917,0.121271,1,0,0,0,1,0,0,0,0,1,0,0,0,0,0,0,0,0,0,0,0,1,0,0,0,0,6093
1,0,1,0.513258,0.82125,0.0895583,0,1,0,0,0,1,0,0,0,1,0,0,0,0,0,0,0,0,0,0,0,0,1,0,0,0,6230
1,0,1,0.531567,0.83125,0.117562,0,1,0,0,1,0,0,0,0,1,0,0,0,0,0,0,0,0,0,0,0,0,0,1,0,0,6871
1,0,1,0.570067,0.694167,0.1163,0,1,0,0,0,1,0,0,0,1,0,0,0,0,0,0,0,0,0,0,0,0,0,0,1,0,8362
1,0,0,0.486733,0.885417,0.192783,0,1,0,0,0,1,0,0,0,1,0,0,0,0,0,0,0,0,0,0,0,0,0,0,0,1,3372
1,0,0,0.437488,0.880833,0.220775,0,1,0,0,0,1,0,0,0,1,0,0,0,0,0,0,0,0,0,1,0,0,0,0,0,0,4996
1,0,1,0.43875,0.477917,0.386821,0,1,0,0,1,0,0,0,0,1,0,0,0,0,0,0,0,0,0,0,1,0,0,0,0,0,5558
1,0,1,0.315654,0.29,0.187192,0,1,0,0,1,0,0,0,0,1,0,0,0,0,0,0,0,0,0,0,0,1,0,0,0,0,5102
1,0,1,0.47095,0.48125,0.291671,0,1,0,0,1,0,0,0,0,1,0,0,0,0,0,0,0,0,0,0,0,0,1,0,0,0,5698
1,0,1,0.482304,0.439167,0.31965,0,1,0,0,1,0,0,0,0,1,0,0,0,0,0,0,0,0,0,0,0,0,0,1,0,0,6133
1,0,1,0.375621,0.580833,0.138067,0,1,0,0,0,1,0,0,0,1,0,0,0,0,0,0,0,0,0,0,0,0,0,0,1,0,5459
1,0,0,0.421708,0.738333,0.250617,0,1,0,0,0,1,0,0,0,1,0,0,0,0,0,0,0,0,0,0,0,0,0,0,0,1,6235
1,0,0,0.417287,0.67625,0.172267,0,1,0,0,0,1,0,0,0,0,1,0,0,0,0,0,0,0,0,1,0,0,0,0,0,0,6041
1,0,1,0.427513,0.504348,0.312139,0,1,0,0,1,0,0,0,0,0,1,0,0,0,0,0,0,0,0,0,1,0,0,0,0,0,5936
1,0,1,0.461483,0.396667,0.100133,0,1,0,0,1,0,0,0,0,0,1,0,0,0,0,0,0,0,0,0,0,1,0,0,0,0,6772
1,0,1,0.53345,0.469583,0.180975,0,1,0,0,1,0,0,0,0,0,1,0,0,0,0,0,0,0,0,0,0,0,1,0,0,0,6436
1,0,1,0.431163,0.374167,0.219529,0,1,0,0,1,0,0,0,0,0,1,0,0,0,0,0,0,0,0,0,0,0,0,1,0,0,6457
1,0,1,0.390767,0.377083,0.300388,0,1,0,0,1,0,0,0,0,0,1,0,0,0,0,0,0,0,0,0,0,0,0,0,1,0,6460
1,0,0,0.426129,0.254167,0.274871,0,1,0,0,1,0,0,0,0,0,1,0,0,0,0,0,0,0,0,0,0,0,0,0,0,1,6857
1,0,0,0.492425,0.275833,0.232596,0,1,0,0,1,0,0,0,0,0,1,0,0,0,0,0,0,0,0,1,0,0,0,0,0,0,5169
1,0,1,0.476638,0.3175,0.358196,0,1,0,0,1,0,0,0,0,0,1,0,0,0,0,0,0,0,0,0,1,0,0,0,0,0,5585
1,0,1,0.436233,0.435,0.249375,0,1,0,0,1,0,0,0,0,0,1,0,0,0,0,0,0,0,0,0,0,1,0,0,0,0,5918
1,0,1,0.337274,0.469565,0.295274,0,1,0,0,1,0,0,0,0,0,1,0,0,0,0,0,0,0,0,0,0,0,1,0,0,0,4862
1,0,1,0.387604,0.46625,0.290429,0,1,0,0,1,0,0,0,0,0,1,0,0,0,0,0,0,0,0,0,0,0,0,1,0,0,5409
1,0,1,0.431808,0.408333,0.155471,0,1,0,0,1,0,0,0,0,0,1,0,0,0,0,0,0,0,0,0,0,0,0,0,1,0,6398
1,0,0,0.487996,0.502917,0.190917,0,1,0,0,1,0,0,0,0,0,1,0,0,0,0,0,0,0,0,0,0,0,0,0,0,1,7460
1,0,0,0.573875,0.507917,0.225129,0,1,0,0,1,0,0,0,0,0,1,0,0,0,0,0,0,0,0,1,0,0,0,0,0,0,7132
1,1,0,0.614925,0.561667,0.284829,0,1,0,0,1,0,0,0,0,0,1,0,0,0,0,0,0,0,0,0,1,0,0,0,0,0,6370
1,0,1,0.598487,0.390417,0.273629,0,1,0,0,1,0,0,0,0,0,1,0,0,0,0,0,0,0,0,0,0,1,0,0,0,0,6691
1,0,1,0.457038,0.569167,0.167912,0,1,0,0,0,1,0,0,0,0,1,0,0,0,0,0,0,0,0,0,0,0,1,0,0,0,4367
1,0,1,0.493046,0.6125,0.0659292,0,1,0,0,1,0,0,0,0,0,1,0,0,0,0,0,0,0,0,0,0,0,0,1,0,0,6565
1,0,1,0.515775,0.694583,0.149871,0,1,0,0,1,0,0,0,0,0,1,0,0,0,0,0,0,0,0,0,0,0,0,0,1,0,7290
1,0,0,0.542921,0.682917,0.283587,0,1,0,0,1,0,0,0,0,0,1,0,0,0,0,0,0,0,0,0,0,0,0,0,0,1,6624
1,0,0,0.389504,0.835417,0.344546,0,1,0,0,0,0,1,0,0,0,1,0,0,0,0,0,0,0,0,1,0,0,0,0,0,0,1027
1,0,1,0.301125,0.766667,0.303496,0,1,0,0,0,1,0,0,0,0,1,0,0,0,0,0,0,0,0,0,1,0,0,0,0,0,3214
1,0,1,0.405283,0.454167,0.249383,0,1,0,0,1,0,0,0,0,0,1,0,0,0,0,0,0,0,0,0,0,1,0,0,0,0,5633
1,0,1,0.470317,0.427917,0.118792,0,1,0,0,1,0,0,0,0,0,1,0,0,0,0,0,0,0,0,0,0,0,1,0,0,0,6196
1,0,1,0.483583,0.756667,0.176625,0,1,0,0,0,1,0,0,0,0,1,0,0,0,0,0,0,0,0,0,0,0,0,1,0,0,5026
1,0,1,0.452637,0.400833,0.347633,0,1,0,0,1,0,0,0,0,0,1,0,0,0,0,0,0,0,0,0,0,0,0,0,1,0,6233
1,0,0,0.377504,0.489583,0.129975,0,1,0,0,0,1,0,0,0,0,1,0,0,0,0,0,0,0,0,0,0,0,0,0,0,1,4220
1,0,0,0.450121,0.587083,0.116908,0,1,0,0,1,0,0,0,0,0,1,0,0,0,0,0,0,0,0,1,0,0,0,0,0,0,6304
1,0,1,0.457696,0.57,0.171638,0,1,0,0,0,1,0,0,0,0,1,0,0,0,0,0,0,0,0,0,1,0,0,0,0,0,5572
1,0,1,0.577021,0.659583,0.156096,0,1,0,0,0,1,0,0,0,0,0,1,0,0,0,0,0,0,0,0,0,1,0,0,0,0,5740
1,0,1,0.537896,0.797083,0.138058,0,1,0,0,1,0,0,0,0,0,0,1,0,0,0,0,0,0,0,0,0,0,1,0,0,0,6169
1,0,1,0.537242,0.768333,0.133696,0,1,0,0,0,1,0,0,0,0,0,1,0,0,0,0,0,0,0,0,0,0,0,1,0,0,6421
1,0,1,0.590917,0.735417,0.162938,0,1,0,0,1,0,0,0,0,0,0,1,0,0,0,0,0,0,0,0,0,0,0,0,1,0,6296
1,0,0,0.584608,0.756667,0.152992,0,1,0,0,0,1,0,0,0,0,0,1,0,0,0,0,0,0,0,0,0,0,0,0,0,1,6883
1,0,0,0.546737,0.74,0.149879,0,1,0,0,0,1,0,0,0,0,0,1,0,0,0,0,0,0,0,1,0,0,0,0,0,0,6359
1,0,1,0.527142,0.664167,0.230721,0,1,0,0,0,1,0,0,0,0,0,1,0,0,0,0,0,0,0,0,1,0,0,0,0,0,6273
1,0,1,0.557471,0.685833,0.296029,0,1,0,0,0,1,0,0,0,0,0,1,0,0,0,0,0,0,0,0,0,1,0,0,0,0,5728
1,0,1,0.553025,0.744167,0.216412,0,1,0,0,0,1,0,0,0,0,0,1,0,0,0,0,0,0,0,0,0,0,1,0,0,0,4717
1,0,1,0.491783,0.552083,0.314063,0,1,0,0,1,0,0,0,0,0,0,1,0,0,0,0,0,0,0,0,0,0,0,1,0,0,6572
1,0,1,0.520833,0.360417,0.236937,0,1,0,0,1,0,0,0,0,0,0,1,0,0,0,0,0,0,0,0,0,0,0,0,1,0,7030
1,0,0,0.544817,0.480417,0.123133,0,1,0,0,1,0,0,0,0,0,0,1,0,0,0,0,0,0,0,0,0,0,0,0,0,1,7429
1,0,0,0.585238,0.57625,0.225117,0,1,0,0,1,0,0,0,0,0,0,1,0,0,0,0,0,0,0,1,0,0,0,0,0,0,6118
1,0,1,0.5499,0.789583,0.212692,0,1,0,0,0,1,0,0,0,0,0,1,0,0,0,0,0,0,0,0,1,0,0,0,0,0,2843
1,0,1,0.576404,0.794583,0.147392,0,1,0,0,0,1,0,0,0,0,0,1,0,0,0,0,0,0,0,0,0,1,0,0,0,0,5115
1,0,1,0.595975,0.697917,0.122512,0,1,0,0,1,0,0,0,0,0,0,1,0,0,0,0,0,0,0,0,0,0,1,0,0,0,7424
1,0,1,0.572613,0.52,0.229475,0,1,0,0,1,0,0,0,0,0,0,1,0,0,0,0,0,0,0,0,0,0,0,1,0,0,7384
1,0,1,0.551121,0.523333,0.136817,0,1,0,0,1,0,0,0,0,0,0,1,0,0,0,0,0,0,0,0,0,0,0,0,1,0,7639
1,0,0,0.566908,0.45625,0.083975,0,1,0,0,1,0,0,0,0,0,0,1,0,0,0,0,0,0,0,0,0,0,0,0,0,1,8294
1,0,0,0.583967,0.530417,0.254367,0,1,0,0,1,0,0,0,0,0,0,1,0,0,0,0,0,0,0,1,0,0,0,0,0,0,7129
1,0,1,0.565667,0.81125,0.233204,0,1,0,0,0,1,0,0,0,0,0,1,0,0,0,0,0,0,0,0,1,0,0,0,0,0,4359
1,0,1,0.580825,0.765833,0.118167,0,1,0,0,0,1,0,0,0,0,0,1,0,0,0,0,0,0,0,0,0,1,0,0,0,0,6073
1,0,1,0.584612,0.774583,0.102,0,1,0,0,0,1,0,0,0,0,0,1,0,0,0,0,0,0,0,0,0,0,1,0,0,0,5260
1,0,1,0.6067,0.716667,0.172896,0,1,0,0,1,0,0,0,0,0,0,1,0,0,0,0,0,0,0,0,0,0,0,1,0,0,6770
1,0,1,0.627529,0.747083,0.14055,0,1,0,0,1,0,0,0,0,0,0,1,0,0,0,0,0,0,0,0,0,0,0,0,1,0,6734
1,0,0,0.642696,0.7325,0.198992,0,1,0,0,1,0,0,0,0,0,0,1,0,0,0,0,0,0,0,0,0,0,0,0,0,1,6536
1,0,0,0.641425,0.697083,0.215171,0,1,0,0,1,0,0,0,0,0,0,1,0,0,0,0,0,0,0,1,0,0,0,0,0,0,6591
1,1,0,0.6793,0.67625,0.196521,0,1,0,0,1,0,0,0,0,0,0,1,0,0,0,0,0,0,0,0,1,0,0,0,0,0,6043
1,0,1,0.672992,0.684583,0.2954,0,1,0,0,1,0,0,0,0,0,0,1,0,0,0,0,0,0,0,0,0,1,0,0,0,0,5743
1,0,1,0.611129,0.67,0.134329,0,1,0,0,0,1,0,0,0,0,0,1,0,0,0,0,0,0,0,0,0,0,1,0,0,0,6855
1,0,1,0.631329,0.492917,0.195279,0,1,0,0,1,0,0,0,0,0,0,1,0,0,0,0,0,0,0,0,0,0,0,1,0,0,7338
1,0,1,0.607962,0.755417,0.237563,0,1,0,0,0,1,0,0,0,0,0,0,1,0,0,0,0,0,0,0,0,0,0,0,1,0,4127
1,0,0,0.566288,0.549167,0.186562,0,1,0,0,1,0,0,0,0,0,0,0,1,0,0,0,0,0,0,0,0,0,0,0,0,1,8120
1,0,0,0.575133,0.493333,0.184087,0,1,0,0,1,0,0,0,0,0,0,0,1,0,0,0,0,0,0,1,0,0,0,0,0,0,7641
1,0,1,0.578283,0.487083,0.284833,0,1,0,0,1,0,0,0,0,0,0,0,1,0,0,0,0,0,0,0,1,0,0,0,0,0,6998
1,0,1,0.525892,0.613333,0.209575,0,1,0,0,0,1,0,0,0,0,0,0,1,0,0,0,0,0,0,0,0,1,0,0,0,0,7001
1,0,1,0.542292,0.61125,0.077125,0,1,0,0,1,0,0,0,0,0,0,0,1,0,0,0,0,0,0,0,0,0,1,0,0,0,7055
1,0,1,0.569442,0.567083,0.15735,0,1,0,0,1,0,0,0,0,0,0,0,1,0,0,0,0,0,0,0,0,0,0,1,0,0,7494
1,0,1,0.597862,0.467917,0.175383,0,1,0,0,1,0,0,0,0,0,0,0,1,0,0,0,0,0,0,0,0,0,0,0,1,0,7736
1,0,0,0.648367,0.437083,0.144287,0,1,0,0,1,0,0,0,0,0,0,0,1,0,0,0,0,0,0,0,0,0,0,0,0,1,7498
1,0,0,0.663517,0.538333,0.133721,0,1,0,0,1,0,0,0,0,0,0,0,1,0,0,0,0,0,0,1,0,0,0,0,0,0,6598
1,0,1,0.659721,0.587917,0.207713,0,1,0,0,0,1,0,0,0,0,0,0,1,0,0,0,0,0,0,0,1,0,0,0,0,0,6664
1,0,1,0.597875,0.833333,0.214546,0,1,0,0,0,1,0,0,0,0,0,0,1,0,0,0,0,0,0,0,0,1,0,0,0,0,4972
1,0,1,0.611117,0.582083,0.343279,0,1,0,0,1,0,0,0,0,0,0,0,1,0,0,0,0,0,0,0,0,0,1,0,0,0,7421
1,0,1,0.624383,0.569583,0.253733,0,1,0,0,1,0,0,0,0,0,0,0,1,0,0,0,0,0,0,0,0,0,0,1,0,0,7363
1,0,1,0.599754,0.589583,0.176617,0,1,0,0,1,0,0,0,0,0,0,0,1,0,0,0,0,0,0,0,0,0,0,0,1,0,7665
1,0,0,0.594708,0.504167,0.166667,0,1,0,0,1,0,0,0,0,0,0,0,1,0,0,0,0,0,0,0,0,0,0,0,0,1,7702
1,0,0,0.571975,0.59875,0.144904,0,1,0,0,1,0,0,0,0,0,0,0,1,0,0,0,0,0,0,1,0,0,0,0,0,0,6978
1,0,1,0.544842,0.777917,0.174746,0,1,0,0,0,1,0,0,0,0,0,0,1,0,0,0,0,0,0,0,1,0,0,0,0,0,5099
1,0,1,0.654692,0.69,0.148017,0,1,0,0,1,0,0,0,0,0,0,0,1,0,0,0,0,0,0,0,0,1,0,0,0,0,6825
1,0,1,0.720975,0.592083,0.113812,0,1,0,0,1,0,0,0,0,0,0,0,1,0,0,0,0,0,0,0,0,0,1,0,0,0,6211
1,0,1,0.752542,0.567917,0.118787,0,0,1,0,1,0,0,0,0,0,0,0,1,0,0,0,0,0,0,0,0,0,0,1,0,0,5905
1,0,1,0.724121,0.57375,0.182842,0,0,1,0,1,0,0,0,0,0,0,0,1,0,0,0,0,0,0,0,0,0,0,0,1,0,5823
1,0,0,0.652792,0.534583,0.179721,0,0,1,0,1,0,0,0,0,0,0,0,1,0,0,0,0,0,0,0,0,0,0,0,0,1,7458
1,0,0,0.674254,0.479167,0.145525,0,0,1,0,1,0,0,0,0,0,0,0,1,0,0,0,0,0,0,1,0,0,0,0,0,0,6891
1,0,1,0.654042,0.504167,0.300383,0,0,1,0,1,0,0,0,0,0,0,0,1,0,0,0,0,0,0,0,1,0,0,0,0,0,6779
1,0,1,0.594704,0.373333,0.347642,0,0,1,0,1,0,0,0,0,0,0,0,1,0,0,0,0,0,0,0,0,1,0,0,0,0,7442
1,0,1,0.640792,0.36,0.271775,0,0,1,0,1,0,0,0,0,0,0,0,1,0,0,0,0,0,0,0,0,0,1,0,0,0,7335
1,0,1,0.675512,0.4225,0.17165,0,0,1,0,1,0,0,0,0,0,0,0,1,0,0,0,0,0,0,0,0,0,0,1,0,0,6879
1,0,1,0.786613,0.48875,0.165417,0,0,1,0,1,0,0,0,0,0,0,0,1,0,0,0,0,0,0,0,0,0,0,0,1,0,5463
1,0,0,0.687508,0.60125,0.161071,0,0,1,0,1,0,0,0,0,0,0,0,1,0,0,0,0,0,0,0,0,0,0,0,0,1,5687
1,0,0,0.750629,0.51875,0.168529,0,0,1,0,1,0,0,0,0,0,0,0,0,1,0,0,0,0,0,1,0,0,0,0,0,0,5531
1,0,1,0.702038,0.447083,0.195267,0,0,1,0,1,0,0,0,0,0,0,0,0,1,0,0,0,0,0,0,1,0,0,0,0,0,6227
1,0,1,0.70265,0.492083,0.126237,0,0,1,0,1,0,0,0,0,0,0,0,0,1,0,0,0,0,0,0,0,1,0,0,0,0,6660
1,1,0,0.732337,0.53875,0.13495,0,0,1,0,1,0,0,0,0,0,0,0,0,1,0,0,0,0,0,0,0,0,1,0,0,0,7403
1,0,1,0.761367,0.457917,0.194029,0,0,1,0,1,0,0,0,0,0,0,0,0,1,0,0,0,0,0,0,0,0,0,1,0,0,6241
1,0,1,0.752533,0.450833,0.146142,0,0,1,0,1,0,0,0,0,0,0,0,0,1,0,0,0,0,0,0,0,0,0,0,1,0,6207
1,0,0,0.804913,0.492083,0.163554,0,0,1,0,1,0,0,0,0,0,0,0,0,1,0,0,0,0,0,0,0,0,0,0,0,1,4840
1,0,0,0.790396,0.57375,0.125629,0,0,1,0,1,0,0,0,0,0,0,0,0,1,0,0,0,0,0,1,0,0,0,0,0,0,4672
1,0,1,0.654054,0.683333,0.180975,0,0,1,0,0,1,0,0,0,0,0,0,0,1,0,0,0,0,0,0,1,0,0,0,0,0,6569
1,0,1,0.664796,0.6675,0.151737,0,0,1,0,0,1,0,0,0,0,0,0,0,1,0,0,0,0,0,0,0,1,0,0,0,0,6290
1,0,1,0.650271,0.633333,0.151733,0,0,1,0,1,0,0,0,0,0,0,0,0,1,0,0,0,0,0,0,0,0,1,0,0,0,7264
1,0,1,0.654683,0.529583,0.146775,0,0,1,0,1,0,0,0,0,0,0,0,0,1,0,0,0,0,0,0,0,0,0,1,0,0,7446
1,0,1,0.667933,0.485833,0.08085,0,0,1,0,0,1,0,0,0,0,0,0,0,1,0,0,0,0,0,0,0,0,0,0,1,0,7499
1,0,0,0.666042,0.699167,0.143679,0,0,1,0,0,1,0,0,0,0,0,0,0,1,0,0,0,0,0,0,0,0,0,0,0,1,6969
1,0,0,0.705196,0.717917,0.166667,0,0,1,0,1,0,0,0,0,0,0,0,0,1,0,0,0,0,0,1,0,0,0,0,0,0,6031
1,0,1,0.724125,0.645,0.164187,0,0,1,0,1,0,0,0,0,0,0,0,0,1,0,0,0,0,0,0,1,0,0,0,0,0,6830
1,0,1,0.755683,0.505833,0.114429,0,0,1,0,1,0,0,0,0,0,0,0,0,1,0,0,0,0,0,0,0,1,0,0,0,0,6786
1,0,1,0.745583,0.577083,0.137442,0,0,1,0,1,0,0,0,0,0,0,0,0,1,0,0,0,0,0,0,0,0,1,0,0,0,5713
1,0,1,0.714642,0.600417,0.165429,0,0,1,0,1,0,0,0,0,0,0,0,0,1,0,0,0,0,0,0,0,0,0,1,0,0,6591
1,0,1,0.613025,0.844167,0.208967,0,0,1,0,0,1,0,0,0,0,0,0,0,1,0,0,0,0,0,0,0,0,0,0,1,0,5870
1,0,0,0.549912,0.865417,0.2133,0,0,1,0,0,0,1,0,0,0,0,0,0,1,0,0,0,0,0,0,0,0,0,0,0,1,4459
1,0,0,0.623125,0.7625,0.0939208,0,0,1,0,0,1,0,0,0,0,0,0,0,1,0,0,0,0,0,1,0,0,0,0,0,0,7410
1,0,1,0.690017,0.694167,0.138683,0,0,1,0,1,0,0,0,0,0,0,0,0,1,0,0,0,0,0,0,1,0,0,0,0,0,6966
1,0,1,0.70645,0.655,0.211454,0,0,1,0,1,0,0,0,0,0,0,0,0,1,0,0,0,0,0,0,0,1,0,0,0,0,7592
1,0,1,0.654054,0.45,0.1648,0,0,1,0,1,0,0,0,0,0,0,0,0,1,0,0,0,0,0,0,0,0,1,0,0,0,8173
1,0,1,0.739263,0.596667,0.284813,0,0,1,0,1,0,0,0,0,0,0,0,0,1,0,0,0,0,0,0,0,0,0,1,0,0,6861
1,0,1,0.734217,0.594583,0.152992,0,0,1,0,1,0,0,0,0,0,0,0,0,1,0,0,0,0,0,0,0,0,0,0,1,0,6904
1,0,0,0.697604,0.613333,0.15735,0,0,1,0,1,0,0,0,0,0,0,0,0,1,0,0,0,0,0,0,0,0,0,0,0,1,6685
1,0,0,0.667933,0.62375,0.170396,0,0,1,0,1,0,0,0,0,0,0,0,0,1,0,0,0,0,0,1,0,0,0,0,0,0,6597
1,0,1,0.684987,0.66875,0.153617,0,0,1,0,1,0,0,0,0,0,0,0,0,1,0,0,0,0,0,0,1,0,0,0,0,0,7105
1,0,1,0.662896,0.704167,0.165425,0,0,1,0,1,0,0,0,0,0,0,0,0,1,0,0,0,0,0,0,0,1,0,0,0,0,7216
1,0,1,0.667308,0.6775,0.141179,0,0,1,0,1,0,0,0,0,0,0,0,0,0,1,0,0,0,0,0,0,0,1,0,0,0,7580
1,0,1,0.707088,0.659583,0.129354,0,0,1,0,1,0,0,0,0,0,0,0,0,0,1,0,0,0,0,0,0,0,0,1,0,0,7261
1,0,1,0.722867,0.6425,0.215792,0,0,1,0,0,1,0,0,0,0,0,0,0,0,1,0,0,0,0,0,0,0,0,0,1,0,7175
1,0,0,0.751267,0.613333,0.257458,0,0,1,0,1,0,0,0,0,0,0,0,0,0,1,0,0,0,0,0,0,0,0,0,0,1,6824
1,0,0,0.731079,0.6525,0.290421,0,0,1,0,1,0,0,0,0,0,0,0,0,0,1,0,0,0,0,1,0,0,0,0,0,0,5464
1,0,1,0.710246,0.654167,0.129354,0,0,1,0,0,1,0,0,0,0,0,0,0,0,1,0,0,0,0,0,1,0,0,0,0,0,7013
1,0,1,0.697621,0.70375,0.116908,0,0,1,0,0,1,0,0,0,0,0,0,0,0,1,0,0,0,0,0,0,1,0,0,0,0,7273
1,0,1,0.707717,0.672917,0.1107,0,0,1,0,0,1,0,0,0,0,0,0,0,0,1,0,0,0,0,0,0,0,1,0,0,0,7534
1,0,1,0.699508,0.620417,0.1561,0,0,1,0,1,0,0,0,0,0,0,0,0,0,1,0,0,0,0,0,0,0,0,1,0,0,7286
1,0,1,0.667942,0.715833,0.238813,0,0,1,0,0,1,0,0,0,0,0,0,0,0,1,0,0,0,0,0,0,0,0,0,1,0,5786
1,0,0,0.638267,0.732917,0.206479,0,0,1,0,0,1,0,0,0,0,0,0,0,0,1,0,0,0,0,0,0,0,0,0,0,1,6299
1,0,0,0.644579,0.530417,0.122512,0,0,1,0,1,0,0,0,0,0,0,0,0,0,1,0,0,0,0,1,0,0,0,0,0,0,6544
1,0,1,0.662254,0.545417,0.136212,0,0,1,0,1,0,0,0,0,0,0,0,0,0,1,0,0,0,0,0,1,0,0,0,0,0,6883
1,0,1,0.676779,0.686667,0.169158,0,0,1,0,1,0,0,0,0,0,0,0,0,0,1,0,0,0,0,0,0,1,0,0,0,0,6784
1,0,1,0.654037,0.619583,0.169771,0,0,1,0,1,0,0,0,0,0,0,0,0,0,1,0,0,0,0,0,0,0,1,0,0,0,7347
1,0,1,0.654688,0.519167,0.141796,0,0,1,0,1,0,0,0,0,0,0,0,0,0,1,0,0,0,0,0,0,0,0,1,0,0,7605
1,0,1,0.2424,0.570833,0.231354,0,0,1,0,1,0,0,0,0,0,0,0,0,0,1,0,0,0,0,0,0,0,0,0,1,0,7148
1,0,0,0.618071,0.603333,0.177867,0,0,1,0,1,0,0,0,0,0,0,0,0,0,1,0,0,0,0,0,0,0,0,0,0,1,7865
1,0,0,0.603554,0.711667,0.08645,0,0,1,0,0,1,0,0,0,0,0,0,0,0,1,0,0,0,0,1,0,0,0,0,0,0,4549
1,0,1,0.595967,0.734167,0.129979,0,0,1,0,0,1,0,0,0,0,0,0,0,0,1,0,0,0,0,0,1,0,0,0,0,0,6530
1,0,1,0.601025,0.67375,0.0727708,0,0,1,0,1,0,0,0,0,0,0,0,0,0,1,0,0,0,0,0,0,1,0,0,0,0,7006
1,0,1,0.621854,0.677083,0.0702833,0,0,1,0,1,0,0,0,0,0,0,0,0,0,1,0,0,0,0,0,0,0,1,0,0,0,7375
1,0,1,0.637008,0.635833,0.0845958,0,0,1,0,1,0,0,0,0,0,0,0,0,0,1,0,0,0,0,0,0,0,0,1,0,0,7765
1,0,1,0.6471,0.615,0.0721458,0,0,1,0,0,1,0,0,0,0,0,0,0,0,1,0,0,0,0,0,0,0,0,0,1,0,7582
1,0,0,0.618696,0.712917,0.244408,0,0,1,0,0,1,0,0,0,0,0,0,0,0,1,0,0,0,0,0,0,0,0,0,0,1,6053
1,0,0,0.595996,0.845833,0.228858,0,0,1,0,0,1,0,0,0,0,0,0,0,0,1,0,0,0,0,1,0,0,0,0,0,0,5255
1,0,1,0.654688,0.730417,0.128733,0,0,1,0,1,0,0,0,0,0,0,0,0,0,1,0,0,0,0,0,1,0,0,0,0,0,6917
1,0,1,0.66605,0.62,0.190925,0,0,1,0,1,0,0,0,0,0,0,0,0,0,1,0,0,0,0,0,0,1,0,0,0,0,7040
1,0,1,0.635733,0.552083,0.112562,0,0,1,0,1,0,0,0,0,0,0,0,0,0,1,0,0,0,0,0,0,0,1,0,0,0,7697
1,0,1,0.652779,0.590417,0.0771167,0,0,1,0,1,0,0,0,0,0,0,0,0,0,1,0,0,0,0,0,0,0,0,1,0,0,7713
1,0,1,0.6894,0.5875,0.168533,0,0,1,0,1,0,0,0,0,0,0,0,0,0,1,0,0,0,0,0,0,0,0,0,1,0,7350
1,0,0,0.702654,0.638333,0.113187,0,0,1,0,0,1,0,0,0,0,0,0,0,0,0,1,0,0,0,0,0,0,0,0,0,1,6140
1,0,0,0.649,0.815,0.0640708,0,0,1,0,0,1,0,0,0,0,0,0,0,0,0,1,0,0,0,1,0,0,0,0,0,0,5810
1,1,0,0.661629,0.790833,0.151121,0,0,1,0,1,0,0,0,0,0,0,0,0,0,0,1,0,0,0,0,1,0,0,0,0,0,6034
1,0,1,0.686888,0.755,0.236321,0,0,1,0,1,0,0,0,0,0,0,0,0,0,0,1,0,0,0,0,0,1,0,0,0,0,6864
1,0,1,0.708983,0.74125,0.187808,0,0,1,0,1,0,0,0,0,0,0,0,0,0,0,1,0,0,0,0,0,0,1,0,0,0,7112
1,0,1,0.655329,0.810417,0.142421,0,0,1,0,0,1,0,0,0,0,0,0,0,0,0,1,0,0,0,0,0,0,0,1,0,0,6203
1,0,1,0.657204,0.73625,0.171646,0,0,1,0,1,0,0,0,0,0,0,0,0,0,0,1,0,0,0,0,0,0,0,0,1,0,7504
1,0,0,0.611121,0.799167,0.281104,0,0,1,0,0,1,0,0,0,0,0,0,0,0,0,1,0,0,0,0,0,0,0,0,0,1,5976
1,0,0,0.578925,0.5475,0.224496,0,0,1,0,1,0,0,0,0,0,0,0,0,0,0,1,0,0,0,1,0,0,0,0,0,0,8227
1,0,1,0.565654,0.50375,0.258713,0,0,1,0,1,0,0,0,0,0,0,0,0,0,0,1,0,0,0,0,1,0,0,0,0,0,7525
1,0,1,0.554292,0.52,0.0920542,0,0,1,0,1,0,0,0,0,0,0,0,0,0,0,1,0,0,0,0,0,1,0,0,0,0,7767
1,0,1,0.570075,0.577083,0.131846,0,0,1,0,1,0,0,0,0,0,0,0,0,0,0,1,0,0,0,0,0,0,1,0,0,0,7870
1,0,1,0.579558,0.637083,0.0827208,0,0,1,0,1,0,0,0,0,0,0,0,0,0,0,1,0,0,0,0,0,0,0,1,0,0,7804
1,0,1,0.594083,0.6725,0.103863,0,0,1,0,1,0,0,0,0,0,0,0,0,0,0,1,0,0,0,0,0,0,0,0,1,0,8009
1,0,0,0.585867,0.501667,0.247521,0,0,1,0,1,0,0,0,0,0,0,0,0,0,0,1,0,0,0,0,0,0,0,0,0,1,8714
1,0,0,0.563125,0.57,0.0901833,0,0,1,0,1,0,0,0,0,0,0,0,0,0,0,1,0,0,0,1,0,0,0,0,0,0,7333
1,0,1,0.55305,0.734583,0.151742,0,0,1,0,0,1,0,0,0,0,0,0,0,0,0,1,0,0,0,0,1,0,0,0,0,0,6869
1,0,1,0.565067,0.8725,0.357587,0,0,1,0,0,1,0,0,0,0,0,0,0,0,0,1,0,0,0,0,0,1,0,0,0,0,4073
1,0,1,0.540404,0.536667,0.215175,0,0,1,0,1,0,0,0,0,0,0,0,0,0,0,1,0,0,0,0,0,0,1,0,0,0,7591
1,0,1,0.532192,0.618333,0.118167,0,0,1,0,1,0,0,0,0,0,0,0,0,0,0,1,0,0,0,0,0,0,0,1,0,0,7720
1,0,1,0.571971,0.66875,0.154229,0,0,1,0,1,0,0,0,0,0,0,0,0,0,0,1,0,0,0,0,0,0,0,0,1,0,8167
1,0,0,0.610488,0.646667,0.283583,0,0,1,0,1,0,0,0,0,0,0,0,0,0,0,1,0,0,0,0,0,0,0,0,0,1,8395
1,0,0,0.518933,0.467083,0.223258,0,0,0,1,1,0,0,0,0,0,0,0,0,0,0,1,0,0,0,1,0,0,0,0,0,0,7907
1,0,1,0.502513,0.492917,0.142404,0,0,0,1,1,0,0,0,0,0,0,0,0,0,0,1,0,0,0,0,1,0,0,0,0,0,7436
1,0,1,0.544179,0.57,0.236321,0,0,0,1,1,0,0,0,0,0,0,0,0,0,0,1,0,0,0,0,0,1,0,0,0,0,7538
1,0,1,0.596613,0.630833,0.2444,0,0,0,1,1,0,0,0,0,0,0,0,0,0,0,1,0,0,0,0,0,0,1,0,0,0,7733
1,0,1,0.607975,0.690833,0.134342,0,0,0,1,0,1,0,0,0,0,0,0,0,0,0,1,0,0,0,0,0,0,0,1,0,0,7393
1,0,1,0.585863,0.69,0.164179,0,0,0,1,0,1,0,0,0,0,0,0,0,0,0,1,0,0,0,0,0,0,0,0,1,0,7415
1,0,0,0.530296,0.542917,0.227604,0,0,0,1,1,0,0,0,0,0,0,0,0,0,0,1,0,0,0,0,0,0,0,0,0,1,8555
1,0,0,0.517663,0.583333,0.134958,0,0,0,1,1,0,0,0,0,0,0,0,0,0,0,1,0,0,0,1,0,0,0,0,0,0,6889
1,0,1,0.512,0.649167,0.0908042,0,0,0,1,0,1,0,0,0,0,0,0,0,0,0,0,1,0,0,0,1,0,0,0,0,0,6778
1,0,1,0.542333,0.871667,0.104475,0,0,0,1,0,0,1,0,0,0,0,0,0,0,0,0,1,0,0,0,0,1,0,0,0,0,4639
1,0,1,0.599133,0.79375,0.0665458,0,0,0,1,0,1,0,0,0,0,0,0,0,0,0,0,1,0,0,0,0,0,1,0,0,0,7572
1,0,1,0.607975,0.722917,0.117546,0,0,0,1,0,1,0,0,0,0,0,0,0,0,0,0,1,0,0,0,0,0,0,1,0,0,7328
1,0,1,0.580187,0.6275,0.10635,0,0,0,1,1,0,0,0,0,0,0,0,0,0,0,0,1,0,0,0,0,0,0,0,1,0,8156
1,0,0,0.538521,0.664167,0.268025,0,0,0,1,1,0,0,0,0,0,0,0,0,0,0,0,1,0,0,0,0,0,0,0,0,1,7965
1,0,0,0.419813,0.708333,0.141162,0,0,0,1,0,1,0,0,0,0,0,0,0,0,0,0,1,0,0,1,0,0,0,0,0,0,3510
1,1,0,0.387608,0.709583,0.189679,0,0,0,1,0,1,0,0,0,0,0,0,0,0,0,0,1,0,0,0,1,0,0,0,0,0,5478
1,0,1,0.438112,0.761667,0.1903,0,0,0,1,0,1,0,0,0,0,0,0,0,0,0,0,1,0,0,0,0,1,0,0,0,0,6392
1,0,1,0.503142,0.630833,0.187821,0,0,0,1,1,0,0,0,0,0,0,0,0,0,0,0,1,0,0,0,0,0,1,0,0,0,7691
1,0,1,0.431167,0.463333,0.181596,0,0,0,1,1,0,0,0,0,0,0,0,0,0,0,0,1,0,0,0,0,0,0,1,0,0,7570
1,0,1,0.433071,0.539167,0.235092,0,0,0,1,1,0,0,0,0,0,0,0,0,0,0,0,1,0,0,0,0,0,0,0,1,0,7282
1,0,0,0.391396,0.494583,0.146142,0,0,0,1,1,0,0,0,0,0,0,0,0,0,0,0,1,0,0,0,0,0,0,0,0,1,7109
1,0,0,0.508204,0.640417,0.278612,0,0,0,1,1,0,0,0,0,0,0,0,0,0,0,0,1,0,0,1,0,0,0,0,0,0,6639
1,0,1,0.53915,0.7075,0.296037,0,0,0,1,0,1,0,0,0,0,0,0,0,0,0,0,1,0,0,0,1,0,0,0,0,0,5875
1,0,1,0.460846,0.558333,0.182221,0,0,0,1,1,0,0,0,0,0,0,0,0,0,0,0,1,0,0,0,0,1,0,0,0,0,7534
1,0,1,0.450108,0.692917,0.101371,0,0,0,1,1,0,0,0,0,0,0,0,0,0,0,0,1,0,0,0,0,0,1,0,0,0,7461
1,0,1,0.512625,0.728333,0.236937,0,0,0,1,0,1,0,0,0,0,0,0,0,0,0,0,1,0,0,0,0,0,0,1,0,0,7509
1,0,1,0.537896,0.815,0.134954,0,0,0,1,0,1,0,0,0,0,0,0,0,0,0,0,1,0,0,0,0,0,0,0,1,0,5424
1,0,0,0.472842,0.572917,0.117537,0,0,0,1,1,0,0,0,0,0,0,0,0,0,0,0,1,0,0,0,0,0,0,0,0,1,8090
1,0,0,0.456429,0.51,0.166054,0,0,0,1,1,0,0,0,0,0,0,0,0,0,0,0,1,0,0,1,0,0,0,0,0,0,6824
1,0,1,0.482942,0.568333,0.0814833,0,0,0,1,1,0,0,0,0,0,0,0,0,0,0,0,1,0,0,0,1,0,0,0,0,0,7058
1,0,1,0.530304,0.641667,0.0945458,0,0,0,1,1,0,0,0,0,0,0,0,0,0,0,0,1,0,0,0,0,1,0,0,0,0,7466
1,0,1,0.558721,0.63625,0.0727792,0,0,0,1,1,0,0,0,0,0,0,0,0,0,0,0,1,0,0,0,0,0,1,0,0,0,7693
1,0,1,0.529688,0.800417,0.124375,0,0,0,1,0,1,0,0,0,0,0,0,0,0,0,0,1,0,0,0,0,0,0,1,0,0,7359
1,0,1,0.52275,0.807083,0.132467,0,0,0,1,0,1,0,0,0,0,0,0,0,0,0,0,1,0,0,0,0,0,0,0,1,0,7444
1,0,0,0.515133,0.72,0.235692,0,0,0,1,0,1,0,0,0,0,0,0,0,0,0,0,1,0,0,0,0,0,0,0,0,1,7852
1,0,0,0.467771,0.694583,0.398008,0,0,0,1,0,1,0,0,0,0,0,0,0,0,0,0,1,0,0,1,0,0,0,0,0,0,4459
1,0,1,0.4394,0.88,0.3582,0,0,0,1,0,0,1,0,0,0,0,0,0,0,0,0,1,0,0,0,1,0,0,0,0,0,22
1,0,1,0.309909,0.825455,0.213009,0,0,0,1,0,1,0,0,0,0,0,0,0,0,0,0,1,0,0,0,0,1,0,0,0,0,1096
1,0,1,0.3611,0.666667,0.166667,0,0,0,1,0,1,0,0,0,0,0,0,0,0,0,0,1,0,0,0,0,0,1,0,0,0,5566
1,0,1,0.369942,0.581667,0.157346,0,0,0,1,0,1,0,0,0,0,0,0,0,0,0,0,0,1,0,0,0,0,0,1,0,0,5986
1,0,1,0.356042,0.522083,0.266175,0,0,0,1,1,0,0,0,0,0,0,0,0,0,0,0,0,1,0,0,0,0,0,0,1,0,5847
1,0,0,0.323846,0.49125,0.270529,0,0,0,1,0,1,0,0,0,0,0,0,0,0,0,0,0,1,0,0,0,0,0,0,0,1,5138
1,0,0,0.329538,0.532917,0.179108,0,0,0,1,1,0,0,0,0,0,0,0,0,0,0,0,0,1,0,1,0,0,0,0,0,0,5107
1,0,1,0.308075,0.494167,0.236325,0,0,0,1,1,0,0,0,0,0,0,0,0,0,0,0,0,1,0,0,1,0,0,0,0,0,5259
1,0,1,0.281567,0.567083,0.173513,0,0,0,1,1,0,0,0,0,0,0,0,0,0,0,0,0,1,0,0,0,1,0,0,0,0,5686
1,0,1,0.274621,0.5475,0.304108,0,0,0,1,0,1,0,0,0,0,0,0,0,0,0,0,0,1,0,0,0,0,1,0,0,0,5035
1,0,1,0.341891,0.333478,0.347835,0,0,0,1,1,0,0,0,0,0,0,0,0,0,0,0,0,1,0,0,0,0,0,1,0,0,5315
1,0,1,0.355413,0.540833,0.214558,0,0,0,1,1,0,0,0,0,0,0,0,0,0,0,0,0,1,0,0,0,0,0,0,1,0,5992
1,0,0,0.393937,0.645417,0.0578458,0,0,0,1,1,0,0,0,0,0,0,0,0,0,0,0,0,1,0,0,0,0,0,0,0,1,6536
1,0,0,0.421713,0.659167,0.1275,0,0,0,1,1,0,0,0,0,0,0,0,0,0,0,0,0,1,0,1,0,0,0,0,0,0,6852
1,1,0,0.475383,0.741667,0.173517,0,0,0,1,1,0,0,0,0,0,0,0,0,0,0,0,0,1,0,0,1,0,0,0,0,0,6269
1,0,1,0.323225,0.662917,0.342046,0,0,0,1,0,1,0,0,0,0,0,0,0,0,0,0,0,1,0,0,0,1,0,0,0,0,4094
1,0,1,0.281563,0.552083,0.199625,0,0,0,1,1,0,0,0,0,0,0,0,0,0,0,0,0,1,0,0,0,0,1,0,0,0,5495
1,0,1,0.324492,0.620417,0.152987,0,0,0,1,0,1,0,0,0,0,0,0,0,0,0,0,0,1,0,0,0,0,0,1,0,0,5445
1,0,1,0.347204,0.524583,0.171025,0,0,0,1,1,0,0,0,0,0,0,0,0,0,0,0,0,1,0,0,0,0,0,0,1,0,5698
1,0,0,0.326383,0.545417,0.179729,0,0,0,1,1,0,0,0,0,0,0,0,0,0,0,0,0,1,0,0,0,0,0,0,0,1,5629
1,0,0,0.337746,0.692917,0.227612,0,0,0,1,1,0,0,0,0,0,0,0,0,0,0,0,0,1,0,1,0,0,0,0,0,0,4669
1,0,1,0.375621,0.623333,0.235067,0,0,0,1,0,1,0,0,0,0,0,0,0,0,0,0,0,1,0,0,1,0,0,0,0,0,5499
1,0,1,0.380667,0.685,0.082725,0,0,0,1,0,1,0,0,0,0,0,0,0,0,0,0,0,1,0,0,0,1,0,0,0,0,5634
1,0,1,0.364892,0.61375,0.103246,0,0,0,1,1,0,0,0,0,0,0,0,0,0,0,0,0,1,0,0,0,0,1,0,0,0,5146
1,1,0,0.350371,0.580417,0.0528708,0,0,0,1,1,0,0,0,0,0,0,0,0,0,0,0,0,1,0,0,0,0,0,1,0,0,2425
1,0,1,0.378779,0.56875,0.148021,0,0,0,1,1,0,0,0,0,0,0,0,0,0,0,0,0,1,0,0,0,0,0,0,1,0,3910
1,0,0,0.248742,0.404583,0.376871,0,0,0,1,1,0,0,0,0,0,0,0,0,0,0,0,0,1,0,0,0,0,0,0,0,1,2277
1,0,0,0.257583,0.468333,0.1505,0,0,0,1,1,0,0,0,0,0,0,0,0,0,0,0,0,1,0,1,0,0,0,0,0,0,2424
1,0,1,0.339004,0.535417,0.04665,0,0,0,1,1,0,0,0,0,0,0,0,0,0,0,0,0,1,0,0,1,0,0,0,0,0,5087
1,0,1,0.281558,0.786667,0.237562,0,0,0,1,0,1,0,0,0,0,0,0,0,0,0,0,0,1,0,0,0,1,0,0,0,0,3959
1,0,1,0.289762,0.50625,0.210821,0,0,0,1,1,0,0,0,0,0,0,0,0,0,0,0,0,1,0,0,0,0,1,0,0,0,5260
1,0,1,0.298422,0.555652,0.115522,0,0,0,1,1,0,0,0,0,0,0,0,0,0,0,0,0,1,0,0,0,0,0,1,0,0,5323
1,0,1,0.323867,0.649583,0.0584708,0,0,0,1,1,0,0,0,0,0,0,0,0,0,0,0,0,1,0,0,0,0,0,0,1,0,5668
1,0,0,0.316904,0.806667,0.0597042,0,0,0,1,0,1,0,0,0,0,0,0,0,0,0,0,0,0,1,0,0,0,0,0,0,1,5191
1,0,0,0.359208,0.823333,0.124379,0,0,0,1,0,1,0,0,0,0,0,0,0,0,0,0,0,0,1,1,0,0,0,0,0,0,4649
1,0,1,0.455796,0.7675,0.0827208,0,0,0,1,1,0,0,0,0,0,0,0,0,0,0,0,0,0,1,0,1,0,0,0,0,0,6234
1,0,1,0.469054,0.73375,0.174129,0,0,0,1,1,0,0,0,0,0,0,0,0,0,0,0,0,0,1,0,0,1,0,0,0,0,6606
1,0,1,0.428012,0.485,0.324021,0,0,0,1,1,0,0,0,0,0,0,0,0,0,0,0,0,0,1,0,0,0,1,0,0,0,5729
1,0,1,0.258204,0.50875,0.174754,0,0,0,1,1,0,0,0,0,0,0,0,0,0,0,0,0,0,1,0,0,0,0,1,0,0,5375
1,0,1,0.321958,0.764167,0.1306,0,0,0,1,0,1,0,0,0,0,0,0,0,0,0,0,0,0,1,0,0,0,0,0,1,0,5008
1,0,0,0.389508,0.91125,0.101379,0,0,0,1,0,1,0,0,0,0,0,0,0,0,0,0,0,0,1,0,0,0,0,0,0,1,5582
1,0,0,0.390146,0.905417,0.157975,0,0,0,1,0,1,0,0,0,0,0,0,0,0,0,0,0,0,1,1,0,0,0,0,0,0,3228
1,0,1,0.435575,0.925,0.190308,0,0,0,1,0,1,0,0,0,0,0,0,0,0,0,0,0,0,1,0,1,0,0,0,0,0,5170
1,0,1,0.338363,0.596667,0.296037,0,0,0,1,0,1,0,0,0,0,0,0,0,0,0,0,0,0,1,0,0,1,0,0,0,0,5501
1,0,1,0.297338,0.538333,0.162937,0,0,0,1,0,1,0,0,0,0,0,0,0,0,0,0,0,0,1,0,0,0,1,0,0,0,5319
1,0,1,0.294188,0.485833,0.174129,0,0,0,1,1,0,0,0,0,0,0,0,0,0,0,0,0,0,1,0,0,0,0,1,0,0,5532
1,0,1,0.294192,0.642917,0.131229,0,0,0,1,1,0,0,0,0,0,0,0,0,0,0,0,0,0,1,0,0,0,0,0,1,0,5611
1,0,0,0.338383,0.650417,0.10635,0,0,0,1,1,0,0,0,0,0,0,0,0,0,0,0,0,0,1,0,0,0,0,0,0,1,5047
1,0,0,0.369938,0.83875,0.100742,0,0,0,1,0,1,0,0,0,0,0,0,0,0,0,0,0,0,1,1,0,0,0,0,0,0,3786
1,0,1,0.4015,0.907083,0.0982583,0,0,0,1,0,1,0,0,0,0,0,0,0,0,0,0,0,0,1,0,1,0,0,0,0,0,4585
1,0,1,0.409708,0.66625,0.221404,0,0,0,1,1,0,0,0,0,0,0,0,0,0,0,0,0,0,1,0,0,1,0,0,0,0,5557
1,0,1,0.342162,0.625417,0.184092,0,0,0,1,1,0,0,0,0,0,0,0,0,0,0,0,0,0,1,0,0,0,1,0,0,0,5267
1,0,1,0.335217,0.667917,0.132463,0,0,0,1,0,1,0,0,0,0,0,0,0,0,0,0,0,0,1,0,0,0,0,1,0,0,4128
1,0,1,0.301767,0.556667,0.374383,1,0,0,0,0,1,0,0,0,0,0,0,0,0,0,0,0,0,1,0,0,0,0,0,1,0,3623
1,0,0,0.236113,0.44125,0.407346,1,0,0,0,1,0,0,0,0,0,0,0,0,0,0,0,0,0,1,0,0,0,0,0,0,1,1749
1,0,0,0.259471,0.515417,0.133083,1,0,0,0,1,0,0,0,0,0,0,0,0,0,0,0,0,0,1,1,0,0,0,0,0,0,1787
1,0,1,0.2589,0.791304,0.0772304,1,0,0,0,0,1,0,0,0,0,0,0,0,0,0,0,0,0,1,0,1,0,0,0,0,0,920
1,1,0,0.294465,0.734783,0.168726,1,0,0,0,0,1,0,0,0,0,0,0,0,0,0,0,0,0,1,0,0,1,0,0,0,0,1013
1,0,1,0.220333,0.823333,0.316546,1,0,0,0,0,0,1,0,0,0,0,0,0,0,0,0,0,0,1,0,0,0,1,0,0,0,441
1,0,1,0.226642,0.652917,0.350133,1,0,0,0,0,1,0,0,0,0,0,0,0,0,0,0,0,0,1,0,0,0,0,1,0,0,2114
1,0,1,0.255046,0.59,0.155471,1,0,0,0,0,1,0,0,0,0,0,0,0,0,0,0,0,0,1,0,0,0,0,0,1,0,3095
1,0,0,0.2424,0.752917,0.124383,1,0,0,0,0,1,0,0,0,0,0,0,0,0,0,0,0,0,1,0,0,0,0,0,0,1,1341
1,0,0,0.2317,0.483333,0.350754,1,0,0,0,1,0,0,0,0,0,0,0,0,0,0,0,0,0,1,1,0,0,0,0,0,0,1796
1,0,1,0.223487,0.5775,0.154846,1,0,0,0,0,1,0,0,0,0,0,0,0,0,0,0,0,0,1,0,1,0,0,0,0,0,2729
